grid_id,cluster,aktual,prediksi,selisih,split,model,algoritma
93175000687,4,35.20017857142861,35.18454877024028,-0.015629801188325132,train,M4,RF
93185000687,4,35.00478991596643,35.05763080537304,0.05284088940661036,train,M4,RF
93195000687,4,35.01502232142862,35.14959250313215,0.13457018170353052,test,M4,RF
93205000687,4,35.07946778711488,35.09907036811135,0.0196025809964695,train,M4,RF
93215000687,1,34.83062558356677,34.90415145334217,0.07352586977540199,train,M4,RF
93225000687,1,34.24606770833334,34.30463383023105,0.05856612189770516,train,M4,RF
93235000687,1,33.852362204724436,33.917337650451884,0.06497544572744829,test,M4,RF
93255000687,4,34.99150840336138,35.1053355632776,0.1138271599162195,train,M4,RF
93175000688,4,35.05386554621852,35.043395373514976,-0.010470172703541891,train,M4,RF
93185000688,4,35.033204481792744,35.1078320636012,0.07462758180845697,train,M4,RF
93195000688,4,34.94122767857145,35.134970052480654,0.19374237390920257,test,M4,RF
93205000688,4,35.0391204481793,35.076371345725065,0.037250897545767714,train,M4,RF
93215000688,1,35.058478422619075,35.087629361617154,0.029150938998078857,train,M4,RF
93225000688,1,34.59786928104579,34.586980105296796,-0.010889175748992841,train,M4,RF
93235000688,4,34.11401925223218,34.176315769555856,0.062296517323673584,train,M4,RF
93245000688,4,34.62002511160718,34.71993841086655,0.09991329925937009,train,M4,RF
93255000688,4,35.38042156862748,35.41318466919645,0.03276310056896392,train,M4,RF
93175000689,4,34.92908123249303,34.95335108301798,0.024269850524945014,train,M4,RF
93185000689,4,34.88428571428573,34.93083469762901,0.046548983343278394,train,M4,RF
93195000689,1,34.815333333333356,34.89664421840687,0.08131088507351336,train,M4,RF
93205000689,1,34.9572209821429,35.01744665628395,0.0602256741410514,train,M4,RF
93215000689,4,35.02121837797623,35.033539161488115,0.012320783511881928,train,M4,RF
93225000689,4,34.89373295985067,34.958431126349396,0.06469816649872939,train,M4,RF
93235000689,4,35.048105468750045,35.09664624630849,0.04854077755844344,train,M4,RF
93245000689,4,35.465490196078456,35.29186753744383,-0.17362265863462767,test,M4,RF
93255000689,4,35.533330078125026,35.42908066382592,-0.10424941429910461,train,M4,RF
93125000690,2,35.552162464986054,35.339533469307135,-0.21262899567891935,train,M4,RF
93155000690,3,34.3271875,34.39856409732293,0.07137659732293145,train,M4,RF
93165000690,3,34.60783753501404,34.66011075794075,0.052273222926707774,train,M4,RF
93175000690,4,34.80861607142862,35.02918729663797,0.2205712252093548,test,M4,RF
93185000690,4,34.84265625000001,34.98558751080255,0.14293126080254126,test,M4,RF
93195000690,1,34.950358543417394,35.03851038513783,0.088151841720439,test,M4,RF
93215000690,4,35.097356580427466,35.08367115445114,-0.013685425976326826,train,M4,RF
93225000690,4,35.30431361607145,35.3335447836223,0.02923116755085431,train,M4,RF
93235000690,4,35.48190196078435,35.38515053698701,-0.09675142379733614,train,M4,RF
93245000690,4,35.07717647058827,34.97368537649405,-0.10349109409421686,train,M4,RF
93255000690,4,34.300019531250044,34.218936473731944,-0.08108305751810008,train,M4,RF
93125000691,2,35.278270089285755,35.167578773669675,-0.11069131561608003,train,M4,RF
93135000691,2,34.837665505226504,34.79050153209921,-0.04716397312729015,train,M4,RF
93145000691,3,34.60335937500004,34.55514201131805,-0.048217363681992254,test,M4,RF
93155000691,3,34.49794397759108,34.53354194826706,0.035597970675979695,train,M4,RF
93165000691,3,34.58904761904766,34.696129478765194,0.10708185971753181,test,M4,RF
93175000691,3,34.74747767857147,34.85033778489081,0.10286010631934062,train,M4,RF
93185000691,3,35.0208998875141,35.107177520278874,0.08627763276477651,train,M4,RF
93195000691,1,35.302165178571464,35.44861192807497,0.14644674950350378,train,M4,RF
93205000691,1,35.17617366946782,35.163931564577155,-0.012242104890667349,train,M4,RF
93215000691,3,35.106785714285735,35.102463472213344,-0.004322242072390736,train,M4,RF
93225000691,4,35.33308035714288,35.34216240058107,0.009082043438183973,train,M4,RF
93235000691,4,34.58042717086838,34.5131301262033,-0.06729704466508224,train,M4,RF
93245000691,4,32.91489397321431,32.98029995845435,0.06540598524004082,test,M4,RF
93255000691,4,32.40518596787831,32.557698758803674,0.15251279092536407,train,M4,RF
93115000692,2,35.799877232142876,35.644816402499,-0.15506082964387247,train,M4,RF
93125000692,3,35.07352882205515,34.95707869898342,-0.1164501230717292,train,M4,RF
93135000692,3,34.70704280155645,34.640673965389155,-0.0663688361672925,train,M4,RF
93145000692,3,34.74785714285718,34.79343862541657,0.04558148255939187,train,M4,RF
93155000692,3,34.72965266106445,34.82351333816201,0.09386067709755963,test,M4,RF
93165000692,3,34.72793526785716,34.782532431239666,0.05459716338250331,test,M4,RF
93175000692,3,34.84691876750702,34.88395078364988,0.03703201614285945,train,M4,RF
93185000692,3,35.140647321428595,35.206147041231446,0.06549971980285108,train,M4,RF
93195000692,1,35.59921875000003,35.6919187231817,0.09269997318167356,train,M4,RF
93205000692,1,35.56870028011207,35.64123279797199,0.07253251785991921,test,M4,RF
93215000692,3,35.27686383928575,35.22104562642218,-0.05581821286357069,train,M4,RF
93225000692,3,34.55295238095242,34.505465314757096,-0.04748706619532328,train,M4,RF
93235000692,3,33.164062500000014,33.06785790658201,-0.09620459341800114,test,M4,RF
93245000692,3,31.705134453781522,31.699587965333116,-0.005546488448405995,train,M4,RF
93095000693,2,35.754944196428625,35.618066895106686,-0.1368773013219382,train,M4,RF
93105000693,2,35.8804241071429,35.7415607756473,-0.1388633314955996,train,M4,RF
93115000693,2,35.612823529411806,35.48187823500715,-0.13094529440465408,train,M4,RF
93125000693,2,34.84276785714289,34.817283796397675,-0.02548406074521381,train,M4,RF
93135000693,3,34.63873883928573,34.54970565091094,-0.0890331883747919,test,M4,RF
93145000693,3,34.869731092436986,34.9666715176759,0.09694042523891255,test,M4,RF
93155000693,3,34.892232142857175,34.91774429440321,0.025512151546031703,train,M4,RF
93165000693,3,34.869107142857175,34.84618140862333,-0.022925734233844253,test,M4,RF
93175000693,3,35.058795518207305,35.01871692345558,-0.04007859475172637,train,M4,RF
93185000693,3,35.13400669642859,35.13870836726974,0.004701670841150474,train,M4,RF
93195000693,3,35.49307086614176,35.47439921563027,-0.018671650511485893,train,M4,RF
93205000693,1,35.83466517857147,35.77619300116499,-0.05847217740647892,test,M4,RF
93215000693,3,35.46777030812329,35.053573380454196,-0.41419692766909577,test,M4,RF
93225000693,3,33.895585434173704,33.56999565932726,-0.325589774846442,test,M4,RF
93235000693,3,32.33322963169646,32.35114548470704,0.017915853010578076,train,M4,RF
93245000693,3,31.480521008403386,31.50221119941368,0.021690191010293347,train,M4,RF
93065000694,2,35.546974789915986,35.078772691456884,-0.468202098459102,test,M4,RF
93075000694,2,35.70305803571432,35.28796056293936,-0.4150974727749599,test,M4,RF
93085000694,2,35.544285714285735,35.42637995673593,-0.11790575754980637,train,M4,RF
93095000694,2,35.37634420697416,35.32777398085227,-0.04857022612188899,train,M4,RF
93105000694,2,35.580859375000024,35.49615430215591,-0.0847050728441161,train,M4,RF
93115000694,2,35.36679320679325,35.16876856006863,-0.19802464672461895,test,M4,RF
93125000694,2,34.99191217342971,34.9246237934874,-0.06728837994231185,train,M4,RF
93135000694,3,34.93272321428574,34.92333545036559,-0.009387763920145176,train,M4,RF
93145000694,3,34.95057142857144,34.98820073529646,0.037629306725015965,train,M4,RF
93155000694,3,34.92169642857146,34.96186064557935,0.04016421700789152,test,M4,RF
93165000694,3,34.99703037120362,34.974465139257845,-0.02256523194577653,train,M4,RF
93175000694,3,35.262276785714285,35.195639377959225,-0.06663740775506,train,M4,RF
93185000694,3,35.17515406162465,35.183006652103806,0.00785259047915332,train,M4,RF
93195000694,3,35.19919642857145,35.180519809174946,-0.018676619396501337,train,M4,RF
93205000694,3,35.47397321428575,35.44259949536007,-0.03137371892567842,train,M4,RF
93215000694,3,34.93415686274513,34.8127192404452,-0.12143762229992916,train,M4,RF
93225000694,3,33.30220703125003,33.17146063233284,-0.1307463989171893,train,M4,RF
93235000694,3,32.04316666666671,32.081967290154665,0.03880062348795832,train,M4,RF
93245000694,3,31.347119140625043,31.420467460340696,0.07334831971565237,train,M4,RF
93045000695,2,34.779118303571444,34.861298023456015,0.08217971988457151,train,M4,RF
93055000695,2,34.95916294642861,34.96456975194741,0.0054068055187954656,test,M4,RF
93065000695,2,35.23828125000004,35.137561494172,-0.10071975582804527,train,M4,RF
93075000695,2,35.3556473214286,35.26776293439807,-0.08788438703052748,train,M4,RF
93085000695,2,35.16961904761906,35.14481571919647,-0.02480332842258548,train,M4,RF
93095000695,2,35.03241071428574,35.10111119570456,0.06870048141882279,train,M4,RF
93105000695,2,35.389553571428614,35.39313002972944,0.003576458300827312,train,M4,RF
93115000695,2,35.341488302638176,35.34428988444717,0.002801581808995479,train,M4,RF
93125000695,2,35.285368303571474,35.22234405618896,-0.06302424738251489,train,M4,RF
93135000695,3,35.304812324930005,35.19250777450597,-0.1123045504240352,test,M4,RF
93145000695,3,35.19794642857147,35.208926439870595,0.01098001129912518,test,M4,RF
93155000695,3,35.08632492997204,35.07133375933373,-0.014991170638303686,train,M4,RF
93165000695,3,35.175055803571475,35.122723227408414,-0.052332576163060196,train,M4,RF
93175000695,3,35.38110491071432,35.32138272623331,-0.05972218448101074,train,M4,RF
93185000695,3,35.16850980392158,35.16255793720009,-0.005951866721488841,train,M4,RF
93195000695,1,34.98473214285714,35.047032997174306,0.06230085431716503,train,M4,RF
93205000695,1,35.06742296918769,35.06656059697621,-0.0008623722114791121,train,M4,RF
93215000695,3,34.27740373883931,34.17058111680081,-0.10682262203850001,train,M4,RF
93225000695,3,32.91740896358547,32.93210927402643,0.014700310440957765,test,M4,RF
93235000695,3,32.0299509803922,32.0392617509756,0.009310770583397243,train,M4,RF
93245000695,3,31.311054687500032,31.417734019054222,0.10667933155419007,train,M4,RF
93025000696,2,34.46924107142862,34.485005969625554,0.015764898196934496,train,M4,RF
93035000696,2,34.505663865546246,34.50758714261292,0.001923277066673279,train,M4,RF
93045000696,2,34.608352941176484,34.62836756483919,0.020014623662703457,train,M4,RF
93055000696,2,34.72959821428576,34.79430250211462,0.06470428782886017,train,M4,RF
93065000696,2,34.824843750000035,34.901291717486984,0.07644796748694915,train,M4,RF
93075000696,2,34.880095238095265,34.99049514751629,0.11039990942102662,train,M4,RF
93085000696,2,34.85838169642859,34.99459515798719,0.13621346155860437,train,M4,RF
93095000696,2,35.03642016806725,35.147031408897334,0.11061124083008167,train,M4,RF
93105000696,2,35.43559482329521,35.49951166013259,0.06391683683737881,train,M4,RF
93115000696,2,35.52107142857148,35.506723031147665,-0.01434839742381655,train,M4,RF
93125000696,2,35.57393277310929,35.56168035832071,-0.012252414788584076,test,M4,RF
93135000696,3,35.61918767507007,35.712203099314024,0.09301542424395137,test,M4,RF
93145000696,3,35.55073660714291,35.504088121735485,-0.046648485407423834,train,M4,RF
93155000696,3,35.36186554621853,35.278339514726305,-0.0835260314922266,train,M4,RF
93165000696,3,35.44049107142861,35.30591035714862,-0.1345807142799913,test,M4,RF
93175000696,3,35.4559159663866,35.38281049048789,-0.07310547589870708,train,M4,RF
93185000696,3,35.08941964285716,35.14207502655814,0.052655383700979996,train,M4,RF
93195000696,3,34.89639775910365,34.94740389258212,0.051006133478473714,train,M4,RF
93205000696,1,34.88608963585437,34.96386942074185,0.0777797848874826,train,M4,RF
93215000696,3,34.254023437500024,34.207640660314496,-0.04638277718552786,train,M4,RF
93225000696,3,33.24270588235297,33.20749177920387,-0.03521410314910156,train,M4,RF
93235000696,3,32.54160156250004,32.54001026510005,-0.0015912973999903102,train,M4,RF
93025000697,2,34.597854341736756,34.5331399444403,-0.06471439729645567,train,M4,RF
93035000697,2,34.668571428571475,34.706547180290535,0.03797575171905976,train,M4,RF
93045000697,2,34.4596428571429,34.62145727537322,0.16181441823031406,test,M4,RF
93055000697,2,34.387997750281265,34.4864257637603,0.09842801347903674,train,M4,RF
93065000697,2,34.63830357142861,34.712526317647374,0.07422274621876568,train,M4,RF
93075000697,2,35.00715406162468,35.070369758368166,0.06321569674348382,test,M4,RF
93085000697,2,35.18948459383759,35.249005080964494,0.059520487126903276,train,M4,RF
93095000697,2,35.12956977385553,35.1974426456726,0.06787287181707313,train,M4,RF
93105000697,2,35.339614035087756,35.40254167483178,0.06292763974402504,train,M4,RF
93115000697,2,35.27687500000003,35.29257607072273,0.015701070722698773,train,M4,RF
93125000697,2,35.335277310924404,35.33533358212073,5.62711963283391e-05,train,M4,RF
93135000697,3,35.71285714285718,35.7632563656232,0.050399222766017715,train,M4,RF
93145000697,3,35.73450420168069,35.74766585757179,0.013161655891096302,test,M4,RF
93155000697,3,35.54565848214288,35.50493351167729,-0.040724970465596755,train,M4,RF
93165000697,3,35.387478991596666,35.394493379790056,0.007014388193390175,train,M4,RF
93175000697,3,35.20648179271711,35.29886409341414,0.09238230069702524,test,M4,RF
93185000697,3,35.14154017857145,35.20015539434981,0.05861521577836015,train,M4,RF
93195000697,3,35.134571428571455,35.21896722722043,0.08439579864897695,train,M4,RF
93205000697,1,35.03553571428576,35.08305549370177,0.04751977941601382,train,M4,RF
93215000697,3,34.51499159663868,34.516693816056204,0.0017022194175240202,train,M4,RF
93225000697,3,33.757193080357155,34.08144656337395,0.3242534830167969,test,M4,RF
93235000697,3,33.038764705882386,33.108669345657496,0.06990463977511041,train,M4,RF
92965000698,1,33.46138392857147,33.67981142828111,0.21842749970964093,test,M4,RF
92975000698,1,33.70647321428576,33.777898628477566,0.07142541419180759,train,M4,RF
93025000698,2,34.87376116071433,34.82055669953759,-0.05320446117674038,train,M4,RF
93035000698,2,34.788984375000055,34.779125186182284,-0.009859188817770814,train,M4,RF
93045000698,2,34.57327170868352,34.61742961118872,0.04415790250519791,train,M4,RF
93055000698,2,34.47419642857147,34.53539569050148,0.061199261930013904,train,M4,RF
93065000698,2,34.66029017857145,34.658493118512666,-0.0017970600587844388,train,M4,RF
93075000698,2,35.242395950506214,35.2086313061518,-0.033764644354413065,train,M4,RF
93085000698,2,35.35542410714289,35.334074918004816,-0.021349189138071267,train,M4,RF
93095000698,2,35.072906918865115,35.08946948862697,0.01656256976185233,test,M4,RF
93105000698,2,34.92995535714289,34.908988033430504,-0.020967323712383745,train,M4,RF
93115000698,2,34.633719887955216,34.648315924246965,0.014596036291749215,train,M4,RF
93125000698,2,34.791160714285745,34.74957913222506,-0.04158158206068663,train,M4,RF
93135000698,2,35.44938375350144,35.43674851959089,-0.01263523391055088,train,M4,RF
93145000698,3,35.70909243697483,35.705535256354544,-0.003557180620283873,train,M4,RF
93155000698,3,35.62892857142859,35.586568879211,-0.04235969221758751,train,M4,RF
93165000698,3,35.36427450980394,35.40632735272272,0.04205284291877831,test,M4,RF
93175000698,3,35.20722098214289,35.25249699982941,0.045276017686518344,train,M4,RF
93185000698,3,35.29888515406166,35.34458105521498,0.04569590115332289,train,M4,RF
93195000698,3,35.31145089285717,35.38285829788176,0.07140740502459408,train,M4,RF
93205000698,3,35.32582072829134,35.33646047079246,0.010639742501119542,train,M4,RF
93215000698,3,34.8825042016807,34.93670255072098,0.054198349040277094,train,M4,RF
93225000698,3,34.04178710937504,34.18666451203549,0.14487740266044824,train,M4,RF
93235000698,3,33.162196078431414,33.09892133854148,-0.06327473988993404,train,M4,RF
93245000698,3,32.06313636363641,32.06983437104606,0.006698007409653428,train,M4,RF
92965000699,1,33.51045938375353,33.76858792624334,0.2581285424898141,train,M4,RF
92975000699,4,33.98925223214289,34.07806949968255,0.08881726753966035,train,M4,RF
92985000699,4,34.77526785714288,34.658256703134334,-0.11701115400854434,test,M4,RF
92995000699,4,34.88498039215689,34.81571466780849,-0.06926572434839784,train,M4,RF
93025000699,3,35.04570312500002,34.96490653446851,-0.08079659053150579,train,M4,RF
93035000699,2,34.82902521008407,34.82501563950937,-0.0040095705747020816,train,M4,RF
93045000699,2,34.74246651785715,34.784343412203306,0.04187689434615294,train,M4,RF
93055000699,2,34.80108123249301,34.806367755818194,0.005286523325182202,train,M4,RF
93065000699,2,34.94611204481794,34.96806697112852,0.02195492631058471,train,M4,RF
93075000699,2,35.13574776785716,35.11388233851736,-0.02186542933980462,train,M4,RF
93085000699,2,34.89309705561616,34.94463413102963,0.051537075413470745,train,M4,RF
93095000699,2,34.70952380952384,34.72244462180315,0.012920812279311633,train,M4,RF
93105000699,2,34.42581473214289,34.47116564502263,0.04535091287974069,train,M4,RF
93115000699,2,33.96584313725494,34.1538459863712,0.18800284911625909,test,M4,RF
93125000699,2,34.150156250000045,34.127085292995055,-0.023070957004989623,test,M4,RF
93135000699,3,34.94689635854345,34.975347534699296,0.02845117615584769,train,M4,RF
93145000699,3,35.45434151785715,35.48787808838739,0.03353657053023795,train,M4,RF
93155000699,3,35.780868347338945,35.777235536287535,-0.003632811051410556,train,M4,RF
93165000699,3,35.8282142857143,35.823763597064286,-0.004450688650017298,train,M4,RF
93175000699,3,35.66641456582635,35.56431310680808,-0.10210145901827161,test,M4,RF
93185000699,3,35.672420168067234,35.66370193340243,-0.008718234664804925,train,M4,RF
93195000699,3,35.73160714285714,35.72534706688129,-0.0062600759758524305,train,M4,RF
93205000699,3,35.70787114845939,35.64273756907331,-0.06513357938607811,train,M4,RF
93215000699,3,35.22494698660716,35.2105606651985,-0.01438632140865792,test,M4,RF
93225000699,3,33.941442577030834,33.919923540554265,-0.021519036476568942,train,M4,RF
93235000699,3,32.760058593750024,32.81950132770726,0.05944273395723343,train,M4,RF
93245000699,3,32.06617647058828,32.17458786756413,0.10841139697584623,train,M4,RF
92975000700,4,34.243437500000006,34.32587164277025,0.08243414277024641,train,M4,RF
92985000700,4,34.64757812500001,34.61608523757946,-0.03149288742054779,train,M4,RF
92995000700,4,34.84009523809526,34.766007327325184,-0.07408791077007493,train,M4,RF
93005000700,4,34.8762723214286,34.77986244127549,-0.0964098801531108,test,M4,RF
93015000700,4,34.742980877390345,34.69133421298513,-0.051646664405211595,train,M4,RF
93025000700,4,34.57872767857145,34.56812795361151,-0.010599724959938328,train,M4,RF
93035000700,4,34.80573660714287,34.86466910846815,0.058932501325280384,train,M4,RF
93045000700,2,34.82299719887956,34.84089336024092,0.017896161361356633,train,M4,RF
93055000700,2,34.93071428571431,34.90859864373457,-0.022115641979738143,train,M4,RF
93065000700,2,35.02254464285717,35.00834163673896,-0.01420300611820835,train,M4,RF
93075000700,2,34.83245535714289,34.829810141007144,-0.002645216135746864,train,M4,RF
93085000700,2,34.66926587301588,34.72380939387104,0.05454352085516234,test,M4,RF
93095000700,2,34.5569642857143,34.60040101167277,0.04343672595847181,train,M4,RF
93105000700,2,34.15806524184479,34.26954669962068,0.11148145777589491,train,M4,RF
93115000700,2,33.716595982142884,33.92098668458933,0.20439070244644597,train,M4,RF
93125000700,2,33.93731652661068,34.06360049313589,0.12628396652520735,train,M4,RF
93135000700,3,34.62069196428576,34.70270599031563,0.08201402602986718,train,M4,RF
93145000700,3,35.21460504201684,35.31982902474848,0.10522398273163702,train,M4,RF
93155000700,3,35.604733893557444,35.58167434131549,-0.02305955224195344,train,M4,RF
93165000700,3,35.63573660714288,35.328584163529925,-0.30715244361295646,test,M4,RF
93175000700,3,35.470280112044854,35.44511637156924,-0.02516374047561243,train,M4,RF
93185000700,3,35.6964285714286,35.7332880932735,0.03685952184490304,train,M4,RF
93195000700,3,36.01481792717089,35.973894071092715,-0.04092385607817306,train,M4,RF
93205000700,3,35.74536830357146,35.74099346056111,-0.004374843010353402,train,M4,RF
93215000700,1,35.131915966386586,35.18720095085293,0.055284984466347,train,M4,RF
93225000700,3,33.84973949579833,33.82014384927932,-0.02959564651901303,train,M4,RF
92975000701,4,34.14505882352944,34.22435588526283,0.07929706173339213,train,M4,RF
92985000701,4,34.44829241071431,34.462070864934795,0.013778454220485514,train,M4,RF
92995000701,4,34.93948660714289,34.90609005834223,-0.03339654880065979,train,M4,RF
93005000701,4,34.92317647058827,34.850591631176954,-0.07258483941131288,train,M4,RF
93015000701,4,34.47631932773115,33.98945276075331,-0.48686656697783803,test,M4,RF
93025000701,4,34.163370535714336,33.83211353918645,-0.331256996527884,test,M4,RF
93035000701,4,34.57424071991004,34.69051545434613,0.11627473443608949,test,M4,RF
93045000701,4,34.82468750000003,34.977506086183645,0.15281858618361355,test,M4,RF
93055000701,2,34.907979910714296,34.8968536443329,-0.011126266381396022,train,M4,RF
93065000701,2,34.86752380952384,34.81743934954457,-0.05008445997926714,train,M4,RF
93075000701,2,34.86871106337276,34.90978935905218,0.041078295679426446,train,M4,RF
93085000701,2,34.94098504383707,34.97879142181217,0.03780637797510167,train,M4,RF
93095000701,2,34.82217927170871,34.85019378730376,0.02801451559504642,train,M4,RF
93105000701,2,34.26383928571431,34.59478946272489,0.3309501770105783,test,M4,RF
93115000701,2,33.84339285714288,34.311365932000975,0.4679730748580937,test,M4,RF
93125000701,3,33.99153501400563,34.13626089542694,0.1447258814213157,train,M4,RF
93135000701,3,34.24321428571432,34.30135927296058,0.058144987246258495,train,M4,RF
93145000701,3,34.723299719888,35.00018760476398,0.2768878848759826,test,M4,RF
93155000701,3,35.03334821428574,34.979240563615356,-0.0541076506703817,test,M4,RF
93165000701,3,34.868487394958,34.84584328165025,-0.02264411330775573,train,M4,RF
93175000701,4,34.841439732142874,34.87113297396548,0.029693241822606353,train,M4,RF
93185000701,4,35.308756302521026,35.44050213844333,0.1317458359223025,train,M4,RF
93195000701,1,35.76847619047622,35.80171147249881,0.03323528202258785,train,M4,RF
93205000701,1,35.49750000000005,35.403626652654175,-0.09387334734587682,train,M4,RF
93215000701,1,34.854459383753564,34.96539946862052,0.11094008486695373,train,M4,RF
93225000701,3,33.655246930803614,33.76323623452539,0.10798930372177296,train,M4,RF
93235000701,3,32.77107421875003,32.77660819516733,0.005533976417297026,train,M4,RF
92975000702,4,33.71859375000002,33.83433841692276,0.11574466692274399,train,M4,RF
92985000702,4,34.500825892857165,34.49626019057659,-0.0045657022805727365,train,M4,RF
92995000702,4,35.17281232493,35.17096969727905,-0.001842627650951556,train,M4,RF
93005000702,4,35.149029017857174,35.113993198845826,-0.035035819011348224,train,M4,RF
93015000702,4,34.695445378151305,34.576426809686055,-0.1190185684652505,test,M4,RF
93025000702,4,34.51873949579834,34.50097963207722,-0.017759863721124702,train,M4,RF
93035000702,4,34.65627232142861,34.66706101340069,0.01078869197208121,train,M4,RF
93045000702,4,34.95234173669471,35.11478632013715,0.1624445834424364,test,M4,RF
93055000702,3,35.17915406162466,35.108085076753156,-0.07106898487150204,train,M4,RF
93065000702,3,35.201886160714324,35.14562406766115,-0.05626209305317076,train,M4,RF
93075000702,2,35.32117063492068,35.337953649695734,0.01678301477505073,train,M4,RF
93085000702,2,35.43183035714291,35.462407993632866,0.030577636489958593,test,M4,RF
93095000702,2,35.05582633053224,35.08973813122197,0.03391180068972943,train,M4,RF
93105000702,2,34.41731026785718,34.470182002058586,0.05287173420140334,train,M4,RF
93115000702,2,34.08768067226894,34.40263653845397,0.3149558661850307,test,M4,RF
93125000702,3,34.16290178571432,34.239570700291885,0.0766689145775672,train,M4,RF
93135000702,3,34.11951260504206,34.32720859247978,0.20769598743771667,test,M4,RF
93145000702,3,34.34217633928576,34.37697693834035,0.03480059905459143,train,M4,RF
93155000702,3,34.654598214285755,34.63343283123353,-0.021165383052228037,train,M4,RF
93165000702,3,34.47533333333335,34.48250959789726,0.00717626456390974,train,M4,RF
93175000702,4,34.4569642857143,34.50621664793405,0.04925236221975382,train,M4,RF
93185000702,1,34.96471148459385,35.10095188662887,0.1362404020350212,train,M4,RF
93195000702,1,35.384542410714296,35.60499990187825,0.2204574911639554,test,M4,RF
93205000702,1,35.3524985994398,35.28916172018754,-0.06333687925225462,train,M4,RF
93215000702,1,34.49035714285718,34.56518381467387,0.07482667181669456,train,M4,RF
93225000702,1,33.1731148459384,33.25918287859941,0.08606803266101082,train,M4,RF
92995000703,4,35.17924107142859,35.10506892885593,-0.0741721425726638,test,M4,RF
93005000703,4,35.33807843137259,35.26663888552764,-0.07143954584494594,train,M4,RF
93015000703,4,35.05072544642861,34.93138150664332,-0.11934393978528846,test,M4,RF
93025000703,4,34.906886160714315,34.94858685895287,0.041700698238557266,train,M4,RF
93035000703,4,34.96108258928575,34.986254137816225,0.025171548530472876,train,M4,RF
93045000703,4,35.270446428571454,35.30592851752062,0.03548208894916627,train,M4,RF
93055000703,2,35.57767857142859,35.48956245510084,-0.08811611632775396,train,M4,RF
93065000703,2,35.644539682539694,35.61606867555895,-0.028471006980744562,train,M4,RF
93075000703,2,35.59980638409212,35.63042074979808,0.03061436570595788,test,M4,RF
93085000703,2,35.53842577030816,35.552361311719125,0.013935541410965868,train,M4,RF
93095000703,3,35.02912946428576,35.0564006823434,0.027271218057641988,train,M4,RF
93105000703,2,34.55973669467791,34.7351020572342,0.17536536255629187,train,M4,RF
93115000703,3,34.49100840336137,34.55524834908506,0.06423994572369196,train,M4,RF
93125000703,3,34.49541294642859,34.55053730928301,0.05512436285442135,train,M4,RF
93135000703,3,34.40507002801124,34.45825812893407,0.05318810092283144,train,M4,RF
93145000703,3,34.53785714285716,34.547674693511524,0.009817550654361185,train,M4,RF
93155000703,3,34.81240719910014,34.82382192161674,0.01141472251659792,train,M4,RF
93165000703,3,34.77324776785718,34.774968551574396,0.0017207837172179552,train,M4,RF
93175000703,3,34.651927170868376,34.67452892988759,0.022601759019217127,train,M4,RF
93185000703,1,34.92609375000002,35.03107023015988,0.10497648015985561,train,M4,RF
93195000703,1,35.24699719887957,35.31175051607428,0.06475331719470745,train,M4,RF
93205000703,1,35.36594397759107,35.30561088790998,-0.06033308968109452,train,M4,RF
93215000703,1,34.50977678571431,34.56466325604257,0.054886470328263215,train,M4,RF
93225000703,1,33.35233602875114,33.23792580153341,-0.11441022721773209,train,M4,RF
92995000704,2,35.176704161979785,35.1842014797999,0.007497317820117644,train,M4,RF
93005000704,4,35.25000000000005,35.26308270162271,0.013082701622657567,train,M4,RF
93015000704,4,35.02970982142863,34.91040331876558,-0.11930650266305065,test,M4,RF
93025000704,4,35.034268907563074,35.03244511473342,-0.0018237928296542805,train,M4,RF
93035000704,4,35.31237723214288,35.226483092791966,-0.08589413935091272,train,M4,RF
93045000704,4,35.65453125000002,35.50077329813102,-0.15375795186899666,train,M4,RF
93055000704,2,35.750436974789935,35.586052686447395,-0.16438428834253926,test,M4,RF
93065000704,2,35.63970632155303,35.630410775049796,-0.009295546503231833,train,M4,RF
93075000704,2,35.43651785714288,35.47670832706669,0.04019046992380737,test,M4,RF
93085000704,2,35.27503081232497,35.25177257784069,-0.023258234484281104,test,M4,RF
93095000704,3,35.04591517857147,35.13811259677178,0.09219741820030691,train,M4,RF
93105000704,2,34.915422969187695,35.0730412785076,0.15761830931990772,train,M4,RF
93115000704,2,35.0086160714286,35.232667981563054,0.22405191013445602,test,M4,RF
93125000704,3,35.133394957983214,35.382445951974006,0.24905099399079234,test,M4,RF
93135000704,3,35.03046875000003,35.130484766361896,0.10001601636186308,train,M4,RF
93145000704,3,35.05487394957987,35.07910624926942,0.024232299689550985,test,M4,RF
93155000704,3,35.35339285714288,35.402173362925375,0.04878050578249571,train,M4,RF
93165000704,3,35.513303571428594,35.53400918633675,0.020705614908159475,train,M4,RF
93175000704,3,35.356039215686295,35.36152915808785,0.005489942401553094,train,M4,RF
93185000704,1,35.05757812500004,35.164344318873475,0.10676619387343322,train,M4,RF
93195000704,1,34.982481792717124,34.905124683369706,-0.07735710934741746,test,M4,RF
93205000704,1,35.08620535714288,34.79580700616003,-0.29039835098284783,test,M4,RF
93215000704,1,34.38157422969191,34.352278991604116,-0.029295238087790665,train,M4,RF
93225000704,1,33.6277678571429,33.581496589179835,-0.04627126796306413,train,M4,RF
92985000705,4,35.38282913165269,35.379157029342075,-0.003672102310616765,train,M4,RF
92995000705,4,35.463828125000035,35.46412912956175,0.00030100456171311407,train,M4,RF
93005000705,4,35.48056919642859,35.454499549526496,-0.026069646902094235,train,M4,RF
93015000705,4,35.27877310924372,35.2237984624616,-0.05497464678212083,train,M4,RF
93025000705,4,35.1637723214286,35.103875237776606,-0.05989708365199675,train,M4,RF
93035000705,4,35.39833705357144,35.10456261176128,-0.2937744418101573,test,M4,RF
93045000705,4,35.790997198879595,35.684757923703145,-0.10623927517644915,train,M4,RF
93055000705,3,35.868664596273334,35.808241782267565,-0.060422814005768544,train,M4,RF
93065000705,2,35.48088282504015,35.489101606242436,0.008218781202288028,train,M4,RF
93075000705,2,35.255434173669485,35.239988993228415,-0.015445180441069795,train,M4,RF
93085000705,2,35.18267857142858,35.17681707200053,-0.005861499428050365,train,M4,RF
93095000705,3,35.275333333333364,35.34540923122927,0.0700758978959044,train,M4,RF
93105000705,2,35.37879464285719,35.697648338483866,0.31885369562667876,test,M4,RF
93115000705,2,35.51603794642862,35.82201880417955,0.30598085775093153,test,M4,RF
93125000705,3,35.56412885154065,35.657509944165945,0.09338109262529315,train,M4,RF
93135000705,3,35.64814732142859,35.69441781859954,0.04627049717095133,train,M4,RF
93145000705,3,35.80740056022411,35.77933445975476,-0.02806610046935276,train,M4,RF
93155000705,3,35.882801339285734,35.90888732583987,0.026085986554136298,test,M4,RF
93165000705,3,36.03901012373456,36.031918637248815,-0.007091486485748533,train,M4,RF
93175000705,3,36.15879464285719,36.082115046675035,-0.07667959618215292,train,M4,RF
93185000705,1,35.684857142857176,35.72287919448444,0.038022051627265796,train,M4,RF
93195000705,1,34.890569196428594,34.9596343499711,0.06906515354250331,train,M4,RF
93205000705,1,34.681137254902,34.77861025536937,0.0974730004673745,train,M4,RF
93215000705,1,34.29153501400565,34.325878425062434,0.03434341105678129,train,M4,RF
93225000705,1,33.00785082174468,32.968554273321956,-0.03929654842272612,train,M4,RF
93235000705,3,31.932857142857188,31.998398997909803,0.065541855052615,train,M4,RF
92975000706,4,35.40643697478996,35.3979961121536,-0.008440862636362567,train,M4,RF
92985000706,4,35.48797991071432,35.5367162592613,0.048736348546974284,train,M4,RF
92995000706,4,35.698168067226945,35.711319944871214,0.01315187764426895,train,M4,RF
93005000706,4,35.76356862745101,35.749930852882855,-0.01363777456815285,train,M4,RF
93015000706,4,35.56011160714289,35.40748659252428,-0.15262501461861433,test,M4,RF
93025000706,4,35.55005602240901,35.45589539603014,-0.09416062637887279,train,M4,RF
93035000706,3,35.763299719887996,35.6575293732183,-0.10577034666969354,train,M4,RF
93045000706,3,36.08941964285718,35.9415575866412,-0.1478620562159776,train,M4,RF
93055000706,2,36.16193452380954,36.01709666772961,-0.14483785607993127,train,M4,RF
93065000706,2,35.75660714285716,35.73427672069616,-0.022330422161005004,train,M4,RF
93075000706,2,35.331254901960804,35.38269099110916,0.0514360891483534,train,M4,RF
93085000706,2,35.06321428571431,35.25221293630732,0.1889986505930139,test,M4,RF
93095000706,2,35.28331092436977,35.42753270515335,0.14422178078357462,train,M4,RF
93105000706,2,35.717500000000044,35.81108799440479,0.09358799440474286,train,M4,RF
93115000706,3,35.82372328458947,35.84566241078442,0.021939126194951086,train,M4,RF
93125000706,3,35.74262276785717,35.80053768589126,0.05791491803408633,train,M4,RF
93135000706,3,35.94344537815129,35.96232847187179,0.018883093720504007,train,M4,RF
93145000706,3,36.09580357142861,36.01771616651772,-0.07808740491088884,train,M4,RF
93155000706,3,35.99221848739499,35.94771326059901,-0.04450522679598379,train,M4,RF
93165000706,3,36.02013392857146,35.99303567221125,-0.027098256360211792,train,M4,RF
93175000706,3,36.28325892857148,36.15675417603989,-0.12650475253158788,train,M4,RF
93185000706,1,36.097305322128896,35.964808095084464,-0.132497227044432,train,M4,RF
93195000706,1,35.285267857142905,35.20951808377186,-0.07574977337104372,train,M4,RF
93205000706,1,34.859591036414606,34.85756633123604,-0.0020247051785631243,train,M4,RF
93215000706,1,34.51631696428576,34.41239152542564,-0.10392543886011651,train,M4,RF
93225000706,1,33.83758543417372,33.71320788850097,-0.1243775456727505,train,M4,RF
93235000706,1,33.15940581542356,33.16867047358229,0.009264658158727457,train,M4,RF
92965000707,4,35.51709243697482,35.45650893981119,-0.06058349716363409,train,M4,RF
92975000707,4,35.56694196428573,35.54033620115134,-0.026605763134391225,test,M4,RF
92985000707,4,35.62198879551822,35.63861949857645,0.01663070305823311,train,M4,RF
92995000707,4,35.74944196428574,35.78684634754552,0.03740438325978346,train,M4,RF
93005000707,4,35.81636160714287,35.81424374565597,-0.0021178614869015178,train,M4,RF
93015000707,4,35.78781250000003,35.74351537523348,-0.04429712476655112,train,M4,RF
93025000707,4,35.812991596638675,35.765911450108604,-0.047080146530070976,train,M4,RF
93035000707,4,36.0079910714286,35.9236986212825,-0.08429245014610132,train,M4,RF
93045000707,2,36.00193695983735,35.87015848214901,-0.13177847768834283,train,M4,RF
93055000707,2,35.970394088669984,35.86096387848877,-0.10943021018121613,train,M4,RF
93065000707,2,35.99616246498603,35.93383465759964,-0.062327807386388656,train,M4,RF
93075000707,2,35.54120535714287,35.628116814376945,0.08691145723407345,train,M4,RF
93085000707,2,35.11356302521011,35.205495094465704,0.09193206925559139,train,M4,RF
93095000707,2,35.352544642857175,35.42769429185325,0.07514964899607435,train,M4,RF
93105000707,3,35.79863865546223,35.84186665290617,0.043227997443942456,test,M4,RF
93115000707,3,35.83687500000002,35.859548018249974,0.022673018249953714,train,M4,RF
93125000707,3,35.855625,35.86198290022158,0.006357900221573232,train,M4,RF
93135000707,3,35.900274509803936,35.86907136526834,-0.031203144535595584,train,M4,RF
93145000707,3,35.733995535714314,35.66495491040669,-0.0690406253076219,train,M4,RF
93155000707,3,35.574336134453816,35.53769276776234,-0.03664336669147872,test,M4,RF
93165000707,3,35.65075892857146,35.51919050909772,-0.1315684194737443,test,M4,RF
93175000707,3,35.64059617547809,35.49905473608509,-0.14154143939299502,train,M4,RF
93185000707,1,35.64666294642861,35.264514683476385,-0.3821482629522279,test,M4,RF
93195000707,1,35.40178711484597,35.33687696443983,-0.06491015040614201,train,M4,RF
93205000707,1,35.000758928571436,35.03086034823099,0.03010141965955171,train,M4,RF
93215000707,1,34.6378879551821,34.688312853453894,0.05042489827179253,test,M4,RF
93225000707,1,34.6474565826331,34.625256445202616,-0.022200137430480993,test,M4,RF
93235000707,1,34.22585392051561,34.10177588610383,-0.12407803441178089,test,M4,RF
93245000707,1,32.64827380952384,32.91768714185196,0.2694133323281136,test,M4,RF
92955000708,4,34.535053221288535,34.60066557941795,0.0656123581294139,test,M4,RF
92965000708,4,35.044776785714305,35.038753202573545,-0.00602358314075957,train,M4,RF
92975000708,4,35.29922384701915,35.30341426531961,0.004190418300460408,train,M4,RF
92985000708,4,35.44781250000001,35.410908100458634,-0.036904399541377586,train,M4,RF
92995000708,4,35.48998883928575,35.49196915983298,0.00198032054723285,train,M4,RF
93005000708,4,35.423378151260536,35.44545078777101,0.02207263651047242,train,M4,RF
93015000708,4,35.61122767857146,35.61600704957041,0.004779370998953425,train,M4,RF
93025000708,4,35.66436383928576,35.61159398969138,-0.0527698495943838,train,M4,RF
93035000708,2,35.55729294052256,35.51444414024766,-0.04284880027489635,train,M4,RF
93045000708,2,35.267312095569984,35.25966281153512,-0.007649284034862092,train,M4,RF
93055000708,3,35.3517591036415,35.282433170848584,-0.0693259327929141,train,M4,RF
93065000708,2,35.746549019607876,35.67218871708201,-0.0743603025258679,train,M4,RF
93075000708,2,35.50357142857145,35.561283157738785,0.05771172916733747,test,M4,RF
93085000708,2,35.01284593837539,35.046881575425616,0.0340356370502235,train,M4,RF
93095000708,2,35.29428571428575,35.36104750767454,0.06676179338879251,train,M4,RF
93105000708,3,35.73393277310928,35.765210451213804,0.03127767810452298,train,M4,RF
93115000708,3,35.77232142857147,35.79808663943548,0.025765210864008736,train,M4,RF
93125000708,3,36.05938132733412,35.99688580501772,-0.06249552231640365,train,M4,RF
93135000708,3,35.92732142857146,35.90013798602304,-0.02718344254842009,train,M4,RF
93145000708,3,35.44549579831936,35.51525775635054,0.06976195803118657,train,M4,RF
93155000708,3,35.38838169642862,35.411345503578374,0.022963807149757542,train,M4,RF
93165000708,3,35.44398319327733,35.40012208611363,-0.04386110716369984,train,M4,RF
93175000708,3,35.282767857142886,35.1201159034918,-0.16265195365108553,train,M4,RF
93185000708,4,35.2043303571429,35.08559989252531,-0.11873046461759174,train,M4,RF
93195000708,1,35.0572717086835,35.02988245055549,-0.02738925812801085,train,M4,RF
93205000708,1,35.079441964285735,35.09040473217614,0.010962767890404734,train,M4,RF
93215000708,1,35.22053221288519,35.188561714720045,-0.03197049816514408,train,M4,RF
93225000708,1,35.44013392857148,35.39022007209916,-0.04991385647231539,train,M4,RF
93235000708,1,35.127033349925384,35.096534863951675,-0.030498485973708966,train,M4,RF
93245000708,4,33.261428571428596,33.36982422740679,0.10839565597819245,train,M4,RF
92955000709,3,33.31351562500002,33.71085755526397,0.3973419302639485,test,M4,RF
92965000709,4,33.68913725490201,33.793601765360016,0.10446451045800842,train,M4,RF
92975000709,4,34.32151785714289,34.4364171037681,0.11489924662521389,train,M4,RF
92985000709,4,34.68727678571431,34.75504774920983,0.06777096349551925,train,M4,RF
92995000709,4,34.618549019607876,34.66803224575611,0.04948322614823297,train,M4,RF
93005000709,4,34.8963392857143,34.93828977642426,0.04195049070996504,train,M4,RF
93015000709,4,35.172745535714306,35.14803523430442,-0.024710301409882618,train,M4,RF
93025000709,4,35.159165266106484,35.151724959689666,-0.007440306416818032,train,M4,RF
93035000709,4,35.15017857142861,35.184780235850816,0.03460166442220469,train,M4,RF
93045000709,3,34.940904017857186,34.901006330509645,-0.03989768734754051,train,M4,RF
93055000709,3,34.67887394957988,34.625900287238544,-0.05297366234133705,train,M4,RF
93065000709,3,34.915401785714316,34.91737830924846,0.001976523534146679,train,M4,RF
93075000709,3,34.906224089635856,34.88285243662159,-0.023371653014265803,train,M4,RF
93085000709,3,34.69861607142858,34.66502780769706,-0.03358826373152368,train,M4,RF
93095000709,3,35.07536694677873,35.073111325269416,-0.0022556215093132437,train,M4,RF
93105000709,3,35.46540178571429,35.55952110399318,0.09411931827888509,train,M4,RF
93115000709,3,35.68445378151263,35.75595532943608,0.07150154792344665,train,M4,RF
93125000709,4,36.02617187500002,36.173477753030845,0.14730587803082784,test,M4,RF
93135000709,3,36.00302455357143,35.96122025160613,-0.04180430196529983,train,M4,RF
93145000709,3,35.83289075630255,35.82775323591231,-0.005137520390235295,train,M4,RF
93155000709,3,35.616964285714324,35.56482067244929,-0.052143613265037914,train,M4,RF
93165000709,3,35.284745098039245,35.10779039889432,-0.1769546991449218,test,M4,RF
93175000709,1,35.193772321428604,35.152791869072146,-0.04098045235645742,train,M4,RF
93185000709,4,34.91602924634425,34.91274342425646,-0.0032858220877898248,train,M4,RF
93195000709,4,34.56444196428574,34.600849152201306,0.03640718791556452,train,M4,RF
93205000709,1,34.97002240896361,34.919260209754825,-0.05076219920878344,train,M4,RF
93215000709,1,35.56569196428575,35.39396523438754,-0.1717267298982108,train,M4,RF
93225000709,1,35.76108065366372,35.59262580430087,-0.1684548493628455,train,M4,RF
93235000709,1,35.314548319327756,35.27055906115265,-0.043989258175102464,train,M4,RF
93245000709,4,33.78006696428574,33.90444080836857,0.12437384408283236,train,M4,RF
93255000709,4,32.54541984732829,32.628570915562875,0.08315106823458507,train,M4,RF
92965000710,3,32.82625000000003,33.158027868396445,0.331777868396415,train,M4,RF
92975000710,4,33.611759103641475,33.818124419061775,0.20636531542029957,train,M4,RF
92985000710,4,34.166674107142875,34.252581928795244,0.08590782165236988,train,M4,RF
92995000710,4,34.28125000000004,34.31516459920287,0.033914599202830686,train,M4,RF
93005000710,4,34.55343977591041,34.51456392304722,-0.038875852863192506,train,M4,RF
93015000710,4,34.757226890756336,34.74714093099005,-0.010085959766286123,train,M4,RF
93025000710,4,34.67532614555258,34.726222155061336,0.0508960095087545,test,M4,RF
93035000710,4,34.823046594982124,34.928148222786426,0.10510162780430221,train,M4,RF
93045000710,3,34.94625770308127,35.0342395348895,0.0879818318082286,train,M4,RF
93055000710,3,34.40762276785718,34.49199898597736,0.08437621812018392,train,M4,RF
93065000710,3,34.3736272321429,34.45441337785401,0.08078614571110876,train,M4,RF
93075000710,3,34.6525210084034,34.698731444802,0.046210436398602894,train,M4,RF
93085000710,3,34.73303571428574,34.819011351066834,0.0859756367810931,train,M4,RF
93095000710,3,35.14778151260508,35.27081332909808,0.12303181649300399,train,M4,RF
93105000710,3,35.388973214285755,35.63187097454158,0.242897760255822,test,M4,RF
93115000710,2,35.7031428571429,35.791753621780316,0.08861076463741568,train,M4,RF
93125000710,2,36.07625000000003,35.989277095969534,-0.08697290403049607,test,M4,RF
93135000710,2,36.05285714285717,35.97681895037889,-0.07603819247827914,train,M4,RF
93145000710,3,35.97478794642859,35.89847224816678,-0.0763156982618085,train,M4,RF
93155000710,3,35.76052100840337,35.67843270756023,-0.08208830084313945,train,M4,RF
93165000710,3,35.52008928571429,35.447415246013634,-0.072674039700658,test,M4,RF
93175000710,4,35.369327731092454,35.377430093242985,0.00810236215053095,train,M4,RF
93185000710,4,34.80795758928576,35.00631459497226,0.19835700568649628,test,M4,RF
93195000710,4,34.48441964285718,34.515458999308834,0.031039356451650235,train,M4,RF
93205000710,1,34.97601680672272,34.97378436658071,-0.0022324401420092954,train,M4,RF
93215000710,1,35.71703125000002,35.42294847953375,-0.2940827704662681,test,M4,RF
93225000710,1,35.90436535589847,35.78266312716139,-0.12170222873707814,train,M4,RF
93235000710,1,35.404241071428615,35.34083344571654,-0.06340762571207392,train,M4,RF
93245000710,4,34.12546218487398,34.1859012983823,0.06043911350831621,test,M4,RF
93255000710,4,33.4882142857143,33.35329898351944,-0.13491530219486236,train,M4,RF
92965000711,3,33.037854341736704,33.72279093589192,0.6849365941552179,test,M4,RF
92975000711,4,33.62289062500003,33.90040787828575,0.2775172532857155,test,M4,RF
92985000711,4,34.04813616071433,33.988788637950684,-0.05934752276364463,train,M4,RF
92995000711,4,33.80179831932776,33.77814635183234,-0.02365196749541809,train,M4,RF
93005000711,4,33.81969187675073,33.785484125962796,-0.034207750787935254,train,M4,RF
93015000711,4,34.19218750000003,33.99575998560794,-0.1964275143920915,test,M4,RF
93025000711,4,34.5234892981583,34.47290543150023,-0.05058386665807291,train,M4,RF
93085000711,4,35.123938375350164,35.24769911860427,0.12376074325410258,train,M4,RF
93095000711,3,35.367232142857176,35.437319017589545,0.07008687473236819,test,M4,RF
93105000711,2,35.48541736694681,35.53005640048852,0.0446390335417064,train,M4,RF
93115000711,2,35.87575892857147,35.8636231426348,-0.012135785936671084,train,M4,RF
93125000711,2,36.23097478991599,36.120941213928575,-0.11003357598741559,train,M4,RF
93135000711,2,35.950481792717106,35.9107752689347,-0.03970652378240658,train,M4,RF
93145000711,3,35.83285714285717,35.854165447355015,0.021308304497843267,train,M4,RF
93155000711,3,36.02133893557425,35.901212587018,-0.12012634855624782,train,M4,RF
93165000711,4,35.903694196428596,35.85604167463429,-0.0476525217943049,train,M4,RF
93175000711,4,35.5249691876751,35.57916636577918,0.054197178104082866,train,M4,RF
93185000711,4,34.884821428571456,34.936072316716185,0.05125088814472889,train,M4,RF
93195000711,4,34.59543307086617,34.66680108080763,0.07136800994145887,train,M4,RF
93205000711,1,35.24380580357147,35.19653809281895,-0.04726771075252145,train,M4,RF
93215000711,1,36.00887570912846,35.94726657305928,-0.061609136069179726,train,M4,RF
93225000711,1,36.077153598281456,35.88355379168299,-0.19359980659846343,test,M4,RF
93235000711,1,35.630524553571455,35.53761974888592,-0.09290480468553142,train,M4,RF
93245000711,4,34.37060504201682,34.35305251810982,-0.017552523906999795,train,M4,RF
93015000712,4,33.96718487394961,33.98211847117817,0.014933597228555584,train,M4,RF
93025000712,4,34.67315126050424,34.64845650395611,-0.02469475654812925,train,M4,RF
93085000712,2,35.45184873949582,35.46052390173103,0.008675162235206813,train,M4,RF
93095000712,2,35.396986607142885,35.45871642461698,0.06172981747409523,test,M4,RF
93105000712,2,35.44261624649863,35.47743846268235,0.034822216183719945,train,M4,RF
93115000712,2,35.75790178571431,35.7192698774269,-0.0386319082874067,train,M4,RF
93125000712,2,36.11094117647061,35.960834990666214,-0.15010618580439683,train,M4,RF
93135000712,4,36.126808035714305,36.14981992588141,0.02301189016710481,train,M4,RF
93145000712,4,36.15768627450983,36.15749881147665,-0.0001874630331784033,train,M4,RF
93155000712,4,36.354665178571466,36.236084846688335,-0.11858033188313044,train,M4,RF
93165000712,4,36.11031372549023,36.03370674126777,-0.07660698422245815,test,M4,RF
93175000712,1,35.5690066964286,35.608545952472234,0.039539256043632065,train,M4,RF
93185000712,4,35.028577030812336,35.06350915339394,0.03493212258160128,train,M4,RF
93195000712,4,34.93339285714288,34.90662327759112,-0.026769579551753964,test,M4,RF
93205000712,4,35.646156862745144,35.56949257316641,-0.07666428957873705,train,M4,RF
93215000712,1,36.17941762070686,36.104763486945465,-0.07465413376139196,train,M4,RF
93225000712,1,36.1240959821429,36.07375427979655,-0.050341702346344164,train,M4,RF
93235000712,1,35.92754464285716,35.84454798460224,-0.08299665825492042,train,M4,RF
93245000712,4,34.92700840336137,34.5377014688924,-0.38930693446896925,test,M4,RF
93085000713,3,35.48589285714288,35.43349067246594,-0.052402184676935804,train,M4,RF
93095000713,4,35.32985434173672,35.422577544672,0.09272320293528225,train,M4,RF
93105000713,2,35.369386160714306,35.432882086892015,0.06349592617770838,train,M4,RF
93115000713,2,35.80048739495801,35.80510655669973,0.004619161741715061,train,M4,RF
93125000713,4,36.22991071428575,36.23425253974045,0.004341825454702075,train,M4,RF
93135000713,4,36.34760224089637,36.238806069312076,-0.10879617158429511,train,M4,RF
93145000713,3,36.2926442577031,35.98946333442306,-0.30318092328004553,train,M4,RF
93155000713,1,36.07728794642859,35.8020410725702,-0.27524687385839286,test,M4,RF
93165000713,1,35.79975910364146,35.610732432304964,-0.18902667133649942,test,M4,RF
93175000713,1,35.620178571428596,35.543963789765094,-0.07621478166350215,test,M4,RF
93185000713,1,35.49554621848741,35.5756728234749,0.08012660498749113,train,M4,RF
93195000713,4,35.6326674107143,35.67157250431212,0.03890509359781902,train,M4,RF
93205000713,4,36.19662613981765,36.14575446220164,-0.05087167761601563,train,M4,RF
93215000713,4,36.25217582417584,36.03016336842341,-0.22201245575243433,train,M4,RF
93225000713,1,36.10810267857146,35.914321702937826,-0.1937809756336364,train,M4,RF
93235000713,1,36.092565826330556,35.719655715837035,-0.3729101104935211,test,M4,RF
93245000713,4,35.13921875000002,35.039647017329884,-0.0995717326701353,train,M4,RF
93255000713,4,34.57407738095242,34.40473790311786,-0.16933947783455494,train,M4,RF
93085000714,4,35.59825892857146,35.60594157789619,0.007682649324728175,train,M4,RF
93095000714,4,35.46731092436978,35.53809504858822,0.07078412421844149,train,M4,RF
93105000714,2,35.6789955357143,35.55348468382048,-0.1255108518938215,test,M4,RF
93115000714,2,36.19290196078433,36.045326301305565,-0.14757565947876827,train,M4,RF
93125000714,4,36.44448660714289,36.338240416094514,-0.10624619104837763,train,M4,RF
93135000714,4,36.19869467787117,36.10660248289522,-0.09209219497594745,test,M4,RF
93145000714,4,35.895669642857165,35.8797025144445,-0.01596712841266168,train,M4,RF
93155000714,1,35.84894263217101,35.859465865558995,0.010523233387985442,train,M4,RF
93165000714,1,35.86063616071432,35.888869439127696,0.028233278413374308,train,M4,RF
93175000714,1,35.78191036414571,35.8220154858749,0.040105121729190785,train,M4,RF
93185000714,1,35.887187500000024,35.85827425601734,-0.0289132439826858,train,M4,RF
93195000714,4,36.295470653377656,36.194980879643474,-0.10048977373418211,train,M4,RF
93205000714,1,36.04799798792758,35.82332858405588,-0.22466940387170098,test,M4,RF
93215000714,1,35.54915178571431,35.24776513480568,-0.3013866509086256,test,M4,RF
93225000714,1,35.40372767857146,35.15980839030111,-0.24391928827034803,test,M4,RF
93235000714,1,35.651647058823556,35.466635497621674,-0.18501156120188256,train,M4,RF
93245000714,4,35.14280672268909,34.79222258446121,-0.35058413822788026,test,M4,RF
93255000714,4,34.7389022556391,34.25884793720018,-0.480054318438917,test,M4,RF
93125000715,1,36.102044817927194,35.99256689476324,-0.10947792316395066,train,M4,RF
93135000715,1,35.94187500000001,35.86755017910813,-0.07432482089188142,train,M4,RF
93145000715,4,35.88062184873953,35.803690722422836,-0.07693112631669408,train,M4,RF
93155000715,4,35.875223214285754,35.82162575779509,-0.05359745649066383,train,M4,RF
93165000715,4,35.79531250000004,35.7053806962005,-0.08993180379953714,test,M4,RF
93175000715,1,35.6636022408964,35.653602078736455,-0.010000162159947479,test,M4,RF
93185000715,1,35.73719866071433,35.57954996884017,-0.15764869187415798,train,M4,RF
93195000715,1,34.992000995520186,34.86928835994856,-0.12271263557162371,train,M4,RF
93205000715,1,33.938672268907595,34.09743921142713,0.15876694251953438,train,M4,RF
93215000715,1,34.06569196428574,34.15545366300437,0.08976169871863249,train,M4,RF
93225000715,1,34.35675223214289,34.12789355900046,-0.22885867314242603,test,M4,RF
93235000715,1,35.01466816647922,34.86371220143374,-0.15095596504547615,train,M4,RF
93245000715,1,34.777879464285725,34.69258502186937,-0.08529444241635531,train,M4,RF
93255000715,4,34.41821428571429,34.4354623567439,0.017248071029605683,train,M4,RF
93125000716,1,35.80796078431375,35.74048166818428,-0.06747911612946922,train,M4,RF
93135000716,1,35.67573660714291,35.6550629898474,-0.02067361729550754,train,M4,RF
93145000716,1,35.55207282913169,35.53796849940722,-0.014104329724467846,train,M4,RF
93155000716,1,35.301785714285735,35.33595247132465,0.034166757038917694,train,M4,RF
93165000716,1,35.1541394825647,35.15808530176146,0.003945819196758293,train,M4,RF
93175000716,1,34.81848214285718,34.718960922999564,-0.09952121985761408,train,M4,RF
93185000716,1,34.79453276047265,34.6658398230433,-0.12869293742934929,train,M4,RF
93195000716,1,33.77623001547192,33.80219882431241,0.025968808840495683,train,M4,RF
93205000716,1,32.53677455357144,32.63614622536547,0.09937167179403161,train,M4,RF
93215000716,1,32.66895798319329,32.74963712726905,0.08067914407575927,train,M4,RF
93225000716,1,33.09004464285718,32.89152288372341,-0.19852175913376868,test,M4,RF
93235000716,1,33.931310924369804,33.9213811969976,-0.00992972737220299,train,M4,RF
93245000716,1,33.55286830357147,33.509373379852285,-0.043494923719187284,train,M4,RF
93255000716,4,32.15776232616944,32.66657345476241,0.5088111285929671,train,M4,RF
93135000717,1,35.75025770308127,35.70185240378589,-0.04840529929537496,test,M4,RF
93145000717,1,35.34696428571432,35.355348155085956,0.00838386937163449,train,M4,RF
93155000717,1,34.93153501400563,35.02991219683974,0.09837718283410624,train,M4,RF
93165000717,1,34.605122767857175,34.67011936744669,0.06499659958951298,train,M4,RF
93175000717,1,34.07489635854344,34.24428281281044,0.1693864542669985,test,M4,RF
93185000717,1,33.92620706819315,33.8953407657837,-0.030866302409449986,train,M4,RF
93195000717,4,32.637507002801144,32.8484279748521,0.21092097205095683,train,M4,RF
93205000717,1,31.46658263305322,31.794335446404652,0.3277528133514309,train,M4,RF
93215000717,1,31.614832589285733,31.92819056175606,0.31335797247032815,test,M4,RF
93225000717,1,32.20659598214289,32.337609084955815,0.131013102812922,test,M4,RF
93235000717,1,32.48271708683477,32.56264231600783,0.07992522917306388,train,M4,RF
93245000717,1,32.26603794642862,32.558290321638275,0.29225237520965663,train,M4,RF
93255000717,1,31.363604910714333,32.03686928322773,0.6732643725133975,train,M4,RF
