grid_id,prediction,baseline,phi_LST
93145000701,35.04078227008498,34.881332401173125,0.15944986891185664
93085000700,34.7513908584892,34.881332401173125,-0.12994154268392322
93195000690,34.90979257915968,34.881332401173125,0.028460177986552537
93165000710,35.4208300630127,34.881332401173125,0.5394976618395759
93125000710,36.05586039148692,34.881332401173125,1.1745279903137913
93185000690,34.88765619504796,34.881332401173125,0.006323793874834394
93175000717,34.37259209264303,34.881332401173125,-0.5087403085300934
93145000695,35.13287365697514,34.881332401173125,0.25154125580201736
93015000701,34.489559985799694,34.881332401173125,-0.3917724153734312
93015000711,34.17247167521887,34.881332401173125,-0.7088607259542528
93165000712,35.91325238072032,34.881332401173125,1.0319199795471974
93245000714,34.82812622185576,34.881332401173125,-0.05320617931736393
93135000714,36.06772998203265,34.881332401173125,1.186397580859527
93095000712,35.50802292688869,34.881332401173125,0.626690525715567
93225000711,35.84538317884403,34.881332401173125,0.9640507776709057
92955000709,33.85719357446521,34.881332401173125,-1.0241388267079188
93215000699,35.09191958927768,34.881332401173125,0.21058718810455446
93075000708,35.639295692193365,34.881332401173125,0.7579632910202392
93035000701,34.42353484925543,34.881332401173125,-0.4577975519176931
93105000707,35.9094101698966,34.881332401173125,1.0280777687234774
93245000691,32.719725440940465,34.881332401173125,-2.1616069602326604
93195000687,34.98631924209128,34.881332401173125,0.10498684091815136
93055000704,35.64475850813426,34.881332401173125,0.7634261069611341
93165000707,35.537046782532684,34.881332401173125,0.6557143813595587
93155000692,34.90836668689855,34.881332401173125,0.027034285725427765
93135000702,34.16498636261495,34.881332401173125,-0.7163460385581786
93115000699,34.14816946012608,34.881332401173125,-0.7331629410470484
93035000705,35.009165171595384,34.881332401173125,0.12783277042225905
93155000694,34.9756017408841,34.881332401173125,0.0942693397109764
93185000707,35.20544440779502,34.881332401173125,0.32411200662189543
93165000715,35.713426403799254,34.881332401173125,0.8320940026261283
93115000702,34.21499758050717,34.881332401173125,-0.6663348206659521
92965000698,33.748164181203286,34.881332401173125,-1.1331682199698392
93075000694,35.24627630575255,34.881332401173125,0.3649439045794267
93205000693,35.794856799314836,34.881332401173125,0.9135243981417105
93105000701,34.58425712644361,34.881332401173125,-0.2970752747295151
93195000704,35.15729153353875,34.881332401173125,0.2759591323656281
93025000701,34.219693322417946,34.881332401173125,-0.6616390787551794
93245000710,33.89152350078536,34.881332401173125,-0.9898089003877644
93135000717,35.50085817746291,34.881332401173125,0.6195257762897839
93075000703,35.63177872000368,34.881332401173125,0.750446318830555
93225000717,32.47076951633353,34.881332401173125,-2.4105628848395924
93015000703,34.96880919810016,34.881332401173125,0.08747679692703514
93185000710,34.94464093793896,34.881332401173125,0.06330853676583814
93175000713,35.813905842830046,34.881332401173125,0.9325734416569205
93075000704,35.564364774389404,34.881332401173125,0.6830323732162782
93235000707,33.729585465590105,34.881332401173125,-1.15174693558302
93135000693,34.63201650787401,34.881332401173125,-0.2493158932991122
93145000691,34.627966720850935,34.881332401173125,-0.2533656803221902
93245000707,32.102040992124955,34.881332401173125,-2.77929140904817
93155000713,35.99626350691697,34.881332401173125,1.1149311057438425
93235000687,33.81347402155648,34.881332401173125,-1.067858379616645
93125000704,35.24543293140915,34.881332401173125,0.36410053023602273
93145000697,35.74138198920197,34.881332401173125,0.8600495880288435
93225000707,34.31766551300523,34.881332401173125,-0.5636668881678943
93235000713,35.55109068892451,34.881332401173125,0.6697582877513852
93005000700,34.867790818558255,34.881332401173125,-0.013541582614870151
93225000693,33.821542907511926,34.881332401173125,-1.0597894936611993
93215000707,34.48804781491343,34.881332401173125,-0.3932845862596963
93165000709,35.204829133766346,34.881332401173125,0.3234967325932203
93195000688,35.11601897696732,34.881332401173125,0.23468657579419272
93075000697,35.341094089743144,34.881332401173125,0.4597616885700191
93115000701,34.20421983454962,34.881332401173125,-0.6771125666235065
93085000706,35.29130953840462,34.881332401173125,0.4099771372314933
93045000697,34.71432116073509,34.881332401173125,-0.16701124043803617
93045000702,34.906392617719305,34.881332401173125,0.02506021654617996
93215000714,35.18803668749224,34.881332401173125,0.3067042863191176
93215000717,32.15887985589501,34.881332401173125,-2.7224525452781165
93135000696,35.718429963284485,34.881332401173125,0.8370975621113601
93165000691,34.84713285999976,34.881332401173125,-0.03419954117336488
93115000694,35.25769461394897,34.881332401173125,0.37636221277584525
92965000711,33.3389611618769,34.881332401173125,-1.542371239296223
93165000692,34.827728004804065,34.881332401173125,-0.053604396369060225
93195000712,34.86317163200014,34.881332401173125,-0.01816076917298659
93125000696,35.70205231978878,34.881332401173125,0.8207199186156515
93045000701,34.84232815095703,34.881332401173125,-0.039004250216095215
93205000704,34.82791741153899,34.881332401173125,-0.05341498963413471
93245000689,35.12462143980675,34.881332401173125,0.24328903863362683
93165000696,35.48574301696532,34.881332401173125,0.6044106157921973
93255000714,34.525868342177915,34.881332401173125,-0.35546405899521005
93125000709,36.024200613573264,34.881332401173125,1.1428682124001384
92995000703,35.12193078385473,34.881332401173125,0.24059838268160405
93215000693,34.9337896049125,34.881332401173125,0.05245720373937246
93105000710,35.67729739252897,34.881332401173125,0.7959649913558451
93145000693,34.95650738093996,34.881332401173125,0.07517497976683529
93015000706,35.44828101540687,34.881332401173125,0.5669486142337448
92985000699,34.63651481858348,34.881332401173125,-0.24481758258964703
93195000702,35.297557436190075,34.881332401173125,0.4162250350169501
93205000692,35.36644836905283,34.881332401173125,0.48511596787970745
93115000704,35.27228988821349,34.881332401173125,0.39095748704036737
93225000695,33.02131265254421,34.881332401173125,-1.8600197486289147
93205000714,35.8373217498223,34.881332401173125,0.955989348649176
93225000715,34.11372876419867,34.881332401173125,-0.7676036369744565
93085000704,35.26847626034223,34.881332401173125,0.38714385916910743
92975000707,35.378737345027055,34.881332401173125,0.49740494385392964
93055000695,35.050271750765816,34.881332401173125,0.16893934959269075
93175000697,35.29448309939927,34.881332401173125,0.41315069822614703
93215000710,35.48691696923939,34.881332401173125,0.6055845680662628
93225000714,35.07783634104766,34.881332401173125,0.19650393987453185
93175000690,34.983116345892284,34.881332401173125,0.10178394471915908
93125000699,34.152215431024004,34.881332401173125,-0.7291169701491214
92955000708,34.62129177631803,34.881332401173125,-0.26004062485509394
93135000695,35.24665340961813,34.881332401173125,0.36532100844500803
93225000716,33.15210976586464,34.881332401173125,-1.7292226353084885
93165000700,35.413727821038826,34.881332401173125,0.5323954198657006
93115000705,35.69162806408807,34.881332401173125,0.810295662914946
93095000711,35.48407219805534,34.881332401173125,0.6027397968822115
93165000713,35.79306292820264,34.881332401173125,0.911730527029512
93245000712,34.63906915059506,34.881332401173125,-0.24226325057806264
93165000698,35.444141910423966,34.881332401173125,0.5628095092508403
93175000699,35.57951933428029,34.881332401173125,0.6981869331071664
93025000710,34.7859561975414,34.881332401173125,-0.09537620363172294
93085000702,35.47379836153287,34.881332401173125,0.5924659603597462
93155000705,35.750185800111915,34.881332401173125,0.8688533989387892
93065000694,35.06144742255381,34.881332401173125,0.18011502138068636
93105000714,35.730999414983245,34.881332401173125,0.8496670138101194
93105000705,35.61111831947198,34.881332401173125,0.7297859182988518
93175000715,35.577727896831185,34.881332401173125,0.6963954956580594
93015000704,35.09348044316877,34.881332401173125,0.21214804199564696
93145000704,34.99606011359654,34.881332401173125,0.1147277124234165
93235000692,33.139094875699584,34.881332401173125,-1.7422375254735414
93225000697,34.02487869397028,34.881332401173125,-0.8564537072028457
93165000693,34.82355624534114,34.881332401173125,-0.05777615583198781
93155000707,35.510128198665996,34.881332401173125,0.6287957974928702
93095000698,35.126024821142515,34.881332401173125,0.24469241996938962
93015000702,34.918177637456154,34.881332401173125,0.03684523628302827
92975000711,33.82503648019136,34.881332401173125,-1.0562959209817677
93155000701,34.99484055401749,34.881332401173125,0.11350815284436777
