year,id,platform,datetime,cloud_cover_scene,category,wrs_path,wrs_row,bbox_query
2009,LT05_L2SP_122064_20090915_02_T1,landsat-5,2009-09-15T02:49:50.502013Z,64.0,T1,122,064,"[106.68977058230168, -6.374663007063259, 106.9702215570279, -6.0767235432851505]"
2009,LT05_L2SP_122064_20090830_02_T1,landsat-5,2009-08-30T02:49:37.379025Z,14.0,T1,122,064,"[106.68977058230168, -6.374663007063259, 106.9702215570279, -6.0767235432851505]"
2009,LE07_L2SP_122065_20090806_02_T1,landsat-7,2009-08-06T02:50:41.325530Z,1.0,T1,122,065,"[106.68977058230168, -6.374663007063259, 106.9702215570279, -6.0767235432851505]"
2009,LE07_L2SP_122064_20090806_02_T1,landsat-7,2009-08-06T02:50:17.400740Z,3.0,T1,122,064,"[106.68977058230168, -6.374663007063259, 106.9702215570279, -6.0767235432851505]"
2009,LT05_L2SP_122064_20090729_02_T1,landsat-5,2009-07-29T02:49:08.972094Z,13.0,T1,122,064,"[106.68977058230168, -6.374663007063259, 106.9702215570279, -6.0767235432851505]"
2009,LE07_L2SP_122065_20090721_02_T1,landsat-7,2009-07-21T02:50:46.947415Z,3.0,T1,122,065,"[106.68977058230168, -6.374663007063259, 106.9702215570279, -6.0767235432851505]"
2009,LE07_L2SP_122064_20090721_02_T1,landsat-7,2009-07-21T02:50:23.024641Z,11.0,T1,122,064,"[106.68977058230168, -6.374663007063259, 106.9702215570279, -6.0767235432851505]"
2009,LT05_L2SP_122064_20090713_02_T1,landsat-5,2009-07-13T02:48:53.827019Z,53.0,T1,122,064,"[106.68977058230168, -6.374663007063259, 106.9702215570279, -6.0767235432851505]"
2009,LE07_L2SP_122065_20090705_02_T1,landsat-7,2009-07-05T02:50:51.263034Z,11.0,T1,122,065,"[106.68977058230168, -6.374663007063259, 106.9702215570279, -6.0767235432851505]"
2009,LT05_L2SP_122064_20090627_02_T1,landsat-5,2009-06-27T02:48:37.336044Z,39.0,T1,122,064,"[106.68977058230168, -6.374663007063259, 106.9702215570279, -6.0767235432851505]"
2009,LE07_L2SP_122065_20090619_02_T1,landsat-7,2009-06-19T02:50:54.210669Z,21.0,T1,122,065,"[106.68977058230168, -6.374663007063259, 106.9702215570279, -6.0767235432851505]"
2009,LT05_L2SP_122064_20090611_02_T1,landsat-5,2009-06-11T02:48:19.420088Z,60.0,T1,122,064,"[106.68977058230168, -6.374663007063259, 106.9702215570279, -6.0767235432851505]"
2012,LE07_L2SP_122065_20120830_02_T1,landsat-7,2012-08-30T02:55:45.498986Z,5.0,T1,122,065,"[106.68977058230168, -6.374663007063259, 106.9702215570279, -6.0767235432851505]"
2012,LE07_L2SP_122064_20120830_02_T1,landsat-7,2012-08-30T02:55:21.573859Z,17.0,T1,122,064,"[106.68977058230168, -6.374663007063259, 106.9702215570279, -6.0767235432851505]"
2012,LE07_L2SP_122065_20120814_02_T1,landsat-7,2012-08-14T02:55:36.590625Z,6.0,T1,122,065,"[106.68977058230168, -6.374663007063259, 106.9702215570279, -6.0767235432851505]"
2012,LE07_L2SP_122064_20120814_02_T1,landsat-7,2012-08-14T02:55:12.663783Z,2.0,T1,122,064,"[106.68977058230168, -6.374663007063259, 106.9702215570279, -6.0767235432851505]"
2012,LE07_L2SP_122065_20120729_02_T1,landsat-7,2012-07-29T02:55:24.094566Z,25.0,T1,122,065,"[106.68977058230168, -6.374663007063259, 106.9702215570279, -6.0767235432851505]"
2012,LE07_L2SP_122064_20120729_02_T1,landsat-7,2012-07-29T02:55:00.167703Z,8.0,T1,122,064,"[106.68977058230168, -6.374663007063259, 106.9702215570279, -6.0767235432851505]"
2012,LE07_L2SP_122065_20120627_02_T1,landsat-7,2012-06-27T02:54:59.039877Z,5.0,T1,122,065,"[106.68977058230168, -6.374663007063259, 106.9702215570279, -6.0767235432851505]"
2012,LE07_L2SP_122064_20120627_02_T1,landsat-7,2012-06-27T02:54:35.116513Z,1.0,T1,122,064,"[106.68977058230168, -6.374663007063259, 106.9702215570279, -6.0767235432851505]"
2012,LE07_L2SP_122064_20120611_02_T1,landsat-7,2012-06-11T02:54:27.713375Z,90.0,T1,122,064,"[106.68977058230168, -6.374663007063259, 106.9702215570279, -6.0767235432851505]"
2015,LE07_L2SP_122065_20150924_02_T1,landsat-7,2015-09-24T03:00:27.042973Z,2.0,T1,122,065,"[106.68977058230168, -6.374663007063259, 106.9702215570279, -6.0767235432851505]"
2015,LE07_L2SP_122064_20150924_02_T1,landsat-7,2015-09-24T03:00:03.119035Z,5.0,T1,122,064,"[106.68977058230168, -6.374663007063259, 106.9702215570279, -6.0767235432851505]"
2015,LC08_L2SP_122065_20150916_02_T1,landsat-8,2015-09-16T03:00:25.519642Z,20.83,T1,122,065,"[106.68977058230168, -6.374663007063259, 106.9702215570279, -6.0767235432851505]"
2015,LC08_L2SP_122064_20150916_02_T1,landsat-8,2015-09-16T03:00:01.594716Z,73.32,T1,122,064,"[106.68977058230168, -6.374663007063259, 106.9702215570279, -6.0767235432851505]"
2015,LE07_L2SP_122065_20150908_02_T1,landsat-7,2015-09-08T03:00:22.293729Z,5.0,T1,122,065,"[106.68977058230168, -6.374663007063259, 106.9702215570279, -6.0767235432851505]"
2015,LE07_L2SP_122064_20150908_02_T1,landsat-7,2015-09-08T02:59:58.369834Z,3.0,T1,122,064,"[106.68977058230168, -6.374663007063259, 106.9702215570279, -6.0767235432851505]"
2015,LC08_L2SP_122065_20150831_02_T1,landsat-8,2015-08-31T03:00:17.584050Z,40.08,T1,122,065,"[106.68977058230168, -6.374663007063259, 106.9702215570279, -6.0767235432851505]"
2015,LC08_L2SP_122064_20150831_02_T1,landsat-8,2015-08-31T02:59:53.659124Z,2.9,T1,122,064,"[106.68977058230168, -6.374663007063259, 106.9702215570279, -6.0767235432851505]"
2015,LE07_L2SP_122065_20150823_02_T1,landsat-7,2015-08-23T03:00:20.095712Z,10.0,T1,122,065,"[106.68977058230168, -6.374663007063259, 106.9702215570279, -6.0767235432851505]"
2015,LE07_L2SP_122064_20150823_02_T1,landsat-7,2015-08-23T02:59:56.171922Z,32.0,T1,122,064,"[106.68977058230168, -6.374663007063259, 106.9702215570279, -6.0767235432851505]"
2015,LC08_L2SP_122065_20150815_02_T1,landsat-8,2015-08-15T03:00:11.750963Z,7.35,T1,122,065,"[106.68977058230168, -6.374663007063259, 106.9702215570279, -6.0767235432851505]"
2015,LC08_L2SP_122064_20150815_02_T1,landsat-8,2015-08-15T02:59:47.826038Z,10.85,T1,122,064,"[106.68977058230168, -6.374663007063259, 106.9702215570279, -6.0767235432851505]"
2015,LC08_L2SP_122065_20150730_02_T1,landsat-8,2015-07-30T03:00:06.108696Z,39.41,T1,122,065,"[106.68977058230168, -6.374663007063259, 106.9702215570279, -6.0767235432851505]"
2015,LC08_L2SP_122064_20150730_02_T1,landsat-8,2015-07-30T02:59:42.183771Z,24.43,T1,122,064,"[106.68977058230168, -6.374663007063259, 106.9702215570279, -6.0767235432851505]"
2015,LE07_L2SP_122065_20150722_02_T1,landsat-7,2015-07-22T03:00:14.267499Z,19.0,T1,122,065,"[106.68977058230168, -6.374663007063259, 106.9702215570279, -6.0767235432851505]"
2015,LE07_L2SP_122064_20150722_02_T1,landsat-7,2015-07-22T02:59:50.342762Z,8.0,T1,122,064,"[106.68977058230168, -6.374663007063259, 106.9702215570279, -6.0767235432851505]"
2015,LC08_L2SP_122065_20150714_02_T1,landsat-8,2015-07-14T03:00:01.536814Z,26.12,T1,122,065,"[106.68977058230168, -6.374663007063259, 106.9702215570279, -6.0767235432851505]"
2015,LC08_L2SP_122064_20150714_02_T1,landsat-8,2015-07-14T02:59:37.607652Z,20.27,T1,122,064,"[106.68977058230168, -6.374663007063259, 106.9702215570279, -6.0767235432851505]"
2015,LE07_L2SP_122065_20150706_02_T1,landsat-7,2015-07-06T03:00:10.404192Z,2.0,T1,122,065,"[106.68977058230168, -6.374663007063259, 106.9702215570279, -6.0767235432851505]"
2015,LE07_L2SP_122064_20150706_02_T1,landsat-7,2015-07-06T02:59:46.478887Z,4.0,T1,122,064,"[106.68977058230168, -6.374663007063259, 106.9702215570279, -6.0767235432851505]"
2015,LC08_L2SP_122065_20150628_02_T1,landsat-8,2015-06-28T02:59:50.690317Z,4.92,T1,122,065,"[106.68977058230168, -6.374663007063259, 106.9702215570279, -6.0767235432851505]"
2015,LC08_L2SP_122064_20150628_02_T1,landsat-8,2015-06-28T02:59:26.761156Z,50.65,T1,122,064,"[106.68977058230168, -6.374663007063259, 106.9702215570279, -6.0767235432851505]"
2015,LE07_L2SP_122065_20150620_02_T1,landsat-7,2015-06-20T03:00:05.872281Z,4.0,T1,122,065,"[106.68977058230168, -6.374663007063259, 106.9702215570279, -6.0767235432851505]"
2015,LE07_L2SP_122064_20150620_02_T1,landsat-7,2015-06-20T02:59:41.947776Z,13.0,T1,122,064,"[106.68977058230168, -6.374663007063259, 106.9702215570279, -6.0767235432851505]"
2015,LC08_L2SP_122065_20150612_02_T1,landsat-8,2015-06-12T02:59:44.867616Z,8.71,T1,122,065,"[106.68977058230168, -6.374663007063259, 106.9702215570279, -6.0767235432851505]"
2015,LC08_L2SP_122064_20150612_02_T1,landsat-8,2015-06-12T02:59:20.934219Z,23.97,T1,122,064,"[106.68977058230168, -6.374663007063259, 106.9702215570279, -6.0767235432851505]"
2015,LE07_L2SP_122065_20150604_02_T1,landsat-7,2015-06-04T03:00:01.965733Z,19.0,T1,122,065,"[106.68977058230168, -6.374663007063259, 106.9702215570279, -6.0767235432851505]"
2015,LE07_L2SP_122064_20150604_02_T1,landsat-7,2015-06-04T02:59:38.041684Z,41.0,T1,122,064,"[106.68977058230168, -6.374663007063259, 106.9702215570279, -6.0767235432851505]"
2018,LC08_L2SP_122065_20180924_02_T1,landsat-8,2018-09-24T03:00:09.660288Z,7.16,T1,122,065,"[106.68977058230168, -6.374663007063259, 106.9702215570279, -6.0767235432851505]"
2018,LC08_L2SP_122064_20180924_02_T1,landsat-8,2018-09-24T02:59:45.735361Z,3.71,T1,122,064,"[106.68977058230168, -6.374663007063259, 106.9702215570279, -6.0767235432851505]"
2018,LE07_L2SP_122065_20180916_02_T1,landsat-7,2018-09-16T02:58:23.094287Z,35.0,T1,122,065,"[106.68977058230168, -6.374663007063259, 106.9702215570279, -6.0767235432851505]"
2018,LE07_L2SP_122064_20180916_02_T1,landsat-7,2018-09-16T02:57:59.168901Z,43.0,T1,122,064,"[106.68977058230168, -6.374663007063259, 106.9702215570279, -6.0767235432851505]"
2018,LC08_L2SP_122065_20180908_02_T1,landsat-8,2018-09-08T03:00:04.671980Z,43.53,T1,122,065,"[106.68977058230168, -6.374663007063259, 106.9702215570279, -6.0767235432851505]"
2018,LC08_L2SP_122064_20180908_02_T1,landsat-8,2018-09-08T02:59:40.751289Z,13.59,T1,122,064,"[106.68977058230168, -6.374663007063259, 106.9702215570279, -6.0767235432851505]"
2018,LE07_L2SP_122065_20180831_02_T1,landsat-7,2018-08-31T02:58:44.053944Z,48.0,T1,122,065,"[106.68977058230168, -6.374663007063259, 106.9702215570279, -6.0767235432851505]"
2018,LE07_L2SP_122064_20180831_02_T1,landsat-7,2018-08-31T02:58:20.129169Z,10.0,T1,122,064,"[106.68977058230168, -6.374663007063259, 106.9702215570279, -6.0767235432851505]"
2018,LC08_L2SP_122065_20180823_02_T1,landsat-8,2018-08-23T02:59:58.840433Z,12.17,T1,122,065,"[106.68977058230168, -6.374663007063259, 106.9702215570279, -6.0767235432851505]"
2018,LC08_L2SP_122064_20180823_02_T1,landsat-8,2018-08-23T02:59:34.915506Z,24.85,T1,122,064,"[106.68977058230168, -6.374663007063259, 106.9702215570279, -6.0767235432851505]"
2018,LE07_L2SP_122065_20180815_02_T1,landsat-7,2018-08-15T02:59:03.399065Z,4.0,T1,122,065,"[106.68977058230168, -6.374663007063259, 106.9702215570279, -6.0767235432851505]"
2018,LE07_L2SP_122064_20180815_02_T1,landsat-7,2018-08-15T02:58:39.475564Z,1.0,T1,122,064,"[106.68977058230168, -6.374663007063259, 106.9702215570279, -6.0767235432851505]"
2018,LC08_L2SP_122065_20180807_02_T1,landsat-8,2018-08-07T02:59:50.629999Z,45.22,T1,122,065,"[106.68977058230168, -6.374663007063259, 106.9702215570279, -6.0767235432851505]"
2018,LC08_L2SP_122064_20180807_02_T1,landsat-8,2018-08-07T02:59:26.705073Z,76.53,T1,122,064,"[106.68977058230168, -6.374663007063259, 106.9702215570279, -6.0767235432851505]"
2018,LE07_L2SP_122065_20180730_02_T1,landsat-7,2018-07-30T02:59:21.269676Z,4.0,T1,122,065,"[106.68977058230168, -6.374663007063259, 106.9702215570279, -6.0767235432851505]"
2018,LE07_L2SP_122064_20180730_02_T1,landsat-7,2018-07-30T02:58:57.346991Z,4.0,T1,122,064,"[106.68977058230168, -6.374663007063259, 106.9702215570279, -6.0767235432851505]"
2018,LC08_L2SP_122065_20180722_02_T1,landsat-8,2018-07-22T02:59:41.949414Z,4.1,T1,122,065,"[106.68977058230168, -6.374663007063259, 106.9702215570279, -6.0767235432851505]"
2018,LC08_L2SP_122064_20180722_02_T1,landsat-8,2018-07-22T02:59:18.028723Z,10.72,T1,122,064,"[106.68977058230168, -6.374663007063259, 106.9702215570279, -6.0767235432851505]"
2018,LE07_L2SP_122065_20180714_02_T1,landsat-7,2018-07-14T02:59:37.697401Z,8.0,T1,122,065,"[106.68977058230168, -6.374663007063259, 106.9702215570279, -6.0767235432851505]"
2018,LE07_L2SP_122064_20180714_02_T1,landsat-7,2018-07-14T02:59:13.774555Z,3.0,T1,122,064,"[106.68977058230168, -6.374663007063259, 106.9702215570279, -6.0767235432851505]"
2018,LC08_L2SP_122065_20180706_02_T1,landsat-8,2018-07-06T02:59:35.100158Z,0.39,T1,122,065,"[106.68977058230168, -6.374663007063259, 106.9702215570279, -6.0767235432851505]"
2018,LC08_L2SP_122064_20180706_02_T1,landsat-8,2018-07-06T02:59:11.175231Z,0.01,T1,122,064,"[106.68977058230168, -6.374663007063259, 106.9702215570279, -6.0767235432851505]"
2018,LE07_L2SP_122065_20180628_02_T1,landsat-7,2018-06-28T02:59:56.683535Z,10.0,T1,122,065,"[106.68977058230168, -6.374663007063259, 106.9702215570279, -6.0767235432851505]"
2018,LE07_L2SP_122064_20180628_02_T1,landsat-7,2018-06-28T02:59:32.759908Z,70.0,T1,122,064,"[106.68977058230168, -6.374663007063259, 106.9702215570279, -6.0767235432851505]"
2018,LC08_L2SP_122065_20180620_02_T1,landsat-8,2018-06-20T02:59:25.954975Z,20.15,T1,122,065,"[106.68977058230168, -6.374663007063259, 106.9702215570279, -6.0767235432851505]"
2018,LC08_L2SP_122064_20180620_02_T1,landsat-8,2018-06-20T02:59:02.030048Z,74.37,T1,122,064,"[106.68977058230168, -6.374663007063259, 106.9702215570279, -6.0767235432851505]"
2018,LE07_L2SP_122065_20180612_02_T1,landsat-7,2018-06-12T03:00:14.965476Z,36.0,T1,122,065,"[106.68977058230168, -6.374663007063259, 106.9702215570279, -6.0767235432851505]"
2018,LE07_L2SP_122064_20180612_02_T1,landsat-7,2018-06-12T02:59:51.040553Z,12.0,T1,122,064,"[106.68977058230168, -6.374663007063259, 106.9702215570279, -6.0767235432851505]"
2018,LC08_L2SP_122065_20180604_02_T1,landsat-8,2018-06-04T02:59:15.905329Z,8.01,T1,122,065,"[106.68977058230168, -6.374663007063259, 106.9702215570279, -6.0767235432851505]"
2018,LC08_L2SP_122064_20180604_02_T1,landsat-8,2018-06-04T02:58:51.976167Z,26.57,T1,122,064,"[106.68977058230168, -6.374663007063259, 106.9702215570279, -6.0767235432851505]"
2021,LE07_L2SP_122065_20210924_02_T1,landsat-7,2021-09-24T01:57:08.851026Z,30.0,T1,122,065,"[106.68977058230168, -6.374663007063259, 106.9702215570279, -6.0767235432851505]"
2021,LE07_L2SP_122064_20210924_02_T1,landsat-7,2021-09-24T01:56:44.929750Z,42.0,T1,122,064,"[106.68977058230168, -6.374663007063259, 106.9702215570279, -6.0767235432851505]"
2021,LC08_L2SP_122065_20210916_02_T1,landsat-8,2021-09-16T03:00:46.381959Z,36.94,T1,122,065,"[106.68977058230168, -6.374663007063259, 106.9702215570279, -6.0767235432851505]"
2021,LC08_L2SP_122064_20210916_02_T1,landsat-8,2021-09-16T03:00:22.457032Z,5.68,T1,122,064,"[106.68977058230168, -6.374663007063259, 106.9702215570279, -6.0767235432851505]"
2021,LE07_L2SP_122065_20210908_02_T1,landsat-7,2021-09-08T01:58:34.492279Z,22.0,T1,122,065,"[106.68977058230168, -6.374663007063259, 106.9702215570279, -6.0767235432851505]"
2021,LE07_L2SP_122064_20210908_02_T1,landsat-7,2021-09-08T01:58:10.569546Z,9.0,T1,122,064,"[106.68977058230168, -6.374663007063259, 106.9702215570279, -6.0767235432851505]"
2021,LC08_L2SP_122065_20210831_02_T1,landsat-8,2021-08-31T03:00:42.498441Z,72.98,T1,122,065,"[106.68977058230168, -6.374663007063259, 106.9702215570279, -6.0767235432851505]"
2021,LC08_L2SP_122064_20210831_02_T1,landsat-8,2021-08-31T03:00:18.573514Z,91.0,T1,122,064,"[106.68977058230168, -6.374663007063259, 106.9702215570279, -6.0767235432851505]"
2021,LE07_L2SP_122065_20210823_02_T1,landsat-7,2021-08-23T01:59:57.635178Z,32.0,T1,122,065,"[106.68977058230168, -6.374663007063259, 106.9702215570279, -6.0767235432851505]"
2021,LE07_L2SP_122064_20210823_02_T1,landsat-7,2021-08-23T01:59:33.710835Z,44.0,T1,122,064,"[106.68977058230168, -6.374663007063259, 106.9702215570279, -6.0767235432851505]"
2021,LC08_L2SP_122065_20210815_02_T1,landsat-8,2021-08-15T03:00:37.912779Z,16.87,T1,122,065,"[106.68977058230168, -6.374663007063259, 106.9702215570279, -6.0767235432851505]"
2021,LC08_L2SP_122064_20210815_02_T1,landsat-8,2021-08-15T03:00:13.987851Z,12.76,T1,122,064,"[106.68977058230168, -6.374663007063259, 106.9702215570279, -6.0767235432851505]"
2021,LE07_L2SP_122065_20210807_02_T1,landsat-7,2021-08-07T02:01:22.127443Z,8.0,T1,122,065,"[106.68977058230168, -6.374663007063259, 106.9702215570279, -6.0767235432851505]"
2021,LE07_L2SP_122064_20210807_02_T1,landsat-7,2021-08-07T02:00:58.202505Z,9.0,T1,122,064,"[106.68977058230168, -6.374663007063259, 106.9702215570279, -6.0767235432851505]"
2021,LC08_L2SP_122065_20210730_02_T1,landsat-8,2021-07-30T03:00:31.667992Z,20.34,T1,122,065,"[106.68977058230168, -6.374663007063259, 106.9702215570279, -6.0767235432851505]"
2021,LC08_L2SP_122064_20210730_02_T1,landsat-8,2021-07-30T03:00:07.743066Z,2.46,T1,122,064,"[106.68977058230168, -6.374663007063259, 106.9702215570279, -6.0767235432851505]"
2021,LE07_L2SP_122065_20210722_02_T1,landsat-7,2021-07-22T02:02:46.450809Z,75.0,T1,122,065,"[106.68977058230168, -6.374663007063259, 106.9702215570279, -6.0767235432851505]"
2021,LE07_L2SP_122064_20210722_02_T1,landsat-7,2021-07-22T02:02:22.526620Z,93.0,T1,122,064,"[106.68977058230168, -6.374663007063259, 106.9702215570279, -6.0767235432851505]"
2021,LC08_L2SP_122065_20210714_02_T1,landsat-8,2021-07-14T03:00:23.733600Z,92.3,T1,122,065,"[106.68977058230168, -6.374663007063259, 106.9702215570279, -6.0767235432851505]"
2021,LC08_L2SP_122064_20210714_02_T1,landsat-8,2021-07-14T02:59:59.808672Z,95.77,T1,122,064,"[106.68977058230168, -6.374663007063259, 106.9702215570279, -6.0767235432851505]"
2021,LE07_L2SP_122065_20210706_02_T1,landsat-7,2021-07-06T02:04:08.666867Z,5.0,T1,122,065,"[106.68977058230168, -6.374663007063259, 106.9702215570279, -6.0767235432851505]"
2021,LE07_L2SP_122064_20210706_02_T1,landsat-7,2021-07-06T02:03:44.743995Z,12.0,T1,122,064,"[106.68977058230168, -6.374663007063259, 106.9702215570279, -6.0767235432851505]"
2021,LC08_L2SP_122065_20210628_02_T1,landsat-8,2021-06-28T03:00:22.450534Z,87.17,T1,122,065,"[106.68977058230168, -6.374663007063259, 106.9702215570279, -6.0767235432851505]"
2021,LC08_L2SP_122064_20210628_02_T1,landsat-8,2021-06-28T02:59:58.521371Z,94.82,T1,122,064,"[106.68977058230168, -6.374663007063259, 106.9702215570279, -6.0767235432851505]"
2021,LE07_L2SP_122065_20210620_02_T1,landsat-7,2021-06-20T02:05:28.852491Z,35.0,T1,122,065,"[106.68977058230168, -6.374663007063259, 106.9702215570279, -6.0767235432851505]"
2021,LE07_L2SP_122064_20210620_02_T1,landsat-7,2021-06-20T02:05:04.930929Z,81.0,T1,122,064,"[106.68977058230168, -6.374663007063259, 106.9702215570279, -6.0767235432851505]"
2021,LC08_L2SP_122065_20210612_02_T1,landsat-8,2021-06-12T03:00:18.342901Z,24.91,T1,122,065,"[106.68977058230168, -6.374663007063259, 106.9702215570279, -6.0767235432851505]"
2021,LC08_L2SP_122064_20210612_02_T1,landsat-8,2021-06-12T02:59:54.417974Z,27.46,T1,122,064,"[106.68977058230168, -6.374663007063259, 106.9702215570279, -6.0767235432851505]"
2021,LE07_L2SP_122064_20210604_02_T1,landsat-7,2021-06-04T02:06:22.971643Z,15.0,T1,122,064,"[106.68977058230168, -6.374663007063259, 106.9702215570279, -6.0767235432851505]"
2024,LC08_L2SP_122065_20240924_02_T1,landsat-8,2024-09-24T03:00:22.770327Z,67.24,T1,122,065,"[106.68977058230168, -6.374663007063259, 106.9702215570279, -6.0767235432851505]"
2024,LC08_L2SP_122064_20240924_02_T1,landsat-8,2024-09-24T02:59:58.849635Z,62.05,T1,122,064,"[106.68977058230168, -6.374663007063259, 106.9702215570279, -6.0767235432851505]"
2024,LC09_L2SP_122065_20240916_02_T1,landsat-9,2024-09-16T03:00:19.268021Z,4.36,T1,122,065,"[106.68977058230168, -6.374663007063259, 106.9702215570279, -6.0767235432851505]"
2024,LC09_L2SP_122064_20240916_02_T1,landsat-9,2024-09-16T02:59:55.343118Z,13.2,T1,122,064,"[106.68977058230168, -6.374663007063259, 106.9702215570279, -6.0767235432851505]"
2024,LC08_L2SP_122065_20240908_02_T1,landsat-8,2024-09-08T03:00:23.273106Z,51.02,T1,122,065,"[106.68977058230168, -6.374663007063259, 106.9702215570279, -6.0767235432851505]"
2024,LC08_L2SP_122064_20240908_02_T1,landsat-8,2024-09-08T02:59:59.348178Z,20.17,T1,122,064,"[106.68977058230168, -6.374663007063259, 106.9702215570279, -6.0767235432851505]"
2024,LC09_L2SP_122065_20240831_02_T1,landsat-9,2024-08-31T03:00:15.422701Z,7.64,T1,122,065,"[106.68977058230168, -6.374663007063259, 106.9702215570279, -6.0767235432851505]"
2024,LC09_L2SP_122064_20240831_02_T1,landsat-9,2024-08-31T02:59:51.497798Z,0.25,T1,122,064,"[106.68977058230168, -6.374663007063259, 106.9702215570279, -6.0767235432851505]"
2024,LC08_L2SP_122065_20240823_02_T1,landsat-8,2024-08-23T03:00:14.755410Z,42.54,T1,122,065,"[106.68977058230168, -6.374663007063259, 106.9702215570279, -6.0767235432851505]"
2024,LC08_L2SP_122064_20240823_02_T1,landsat-8,2024-08-23T02:59:50.830480Z,11.7,T1,122,064,"[106.68977058230168, -6.374663007063259, 106.9702215570279, -6.0767235432851505]"
2024,LC09_L2SP_122065_20240815_02_T1,landsat-9,2024-08-15T03:00:04.562938Z,2.29,T1,122,065,"[106.68977058230168, -6.374663007063259, 106.9702215570279, -6.0767235432851505]"
2024,LC09_L2SP_122064_20240815_02_T1,landsat-9,2024-08-15T02:59:40.638034Z,5.06,T1,122,064,"[106.68977058230168, -6.374663007063259, 106.9702215570279, -6.0767235432851505]"
2024,LC08_L2SP_122065_20240807_02_T1,landsat-8,2024-08-07T03:00:01.475508Z,15.67,T1,122,065,"[106.68977058230168, -6.374663007063259, 106.9702215570279, -6.0767235432851505]"
2024,LC08_L2SP_122064_20240807_02_T1,landsat-8,2024-08-07T02:59:37.550580Z,52.15,T1,122,064,"[106.68977058230168, -6.374663007063259, 106.9702215570279, -6.0767235432851505]"
2024,LC09_L2SP_122065_20240730_02_T1,landsat-9,2024-07-30T02:59:57.499223Z,6.69,T1,122,065,"[106.68977058230168, -6.374663007063259, 106.9702215570279, -6.0767235432851505]"
2024,LC09_L2SP_122064_20240730_02_T1,landsat-9,2024-07-30T02:59:33.565848Z,0.81,T1,122,064,"[106.68977058230168, -6.374663007063259, 106.9702215570279, -6.0767235432851505]"
2024,LC08_L2SP_122065_20240722_02_T1,landsat-8,2024-07-22T03:00:04.946366Z,1.96,T1,122,065,"[106.68977058230168, -6.374663007063259, 106.9702215570279, -6.0767235432851505]"
2024,LC08_L2SP_122064_20240722_02_T1,landsat-8,2024-07-22T02:59:41.021436Z,4.4,T1,122,064,"[106.68977058230168, -6.374663007063259, 106.9702215570279, -6.0767235432851505]"
2024,LC09_L2SP_122065_20240714_02_T1,landsat-9,2024-07-14T02:59:54.862152Z,11.04,T1,122,065,"[106.68977058230168, -6.374663007063259, 106.9702215570279, -6.0767235432851505]"
2024,LC09_L2SP_122064_20240714_02_T1,landsat-9,2024-07-14T02:59:30.933014Z,18.36,T1,122,064,"[106.68977058230168, -6.374663007063259, 106.9702215570279, -6.0767235432851505]"
2024,LC08_L2SP_122065_20240706_02_T1,landsat-8,2024-07-06T02:59:49.784506Z,81.84,T1,122,065,"[106.68977058230168, -6.374663007063259, 106.9702215570279, -6.0767235432851505]"
2024,LC08_L2SP_122064_20240706_02_T1,landsat-8,2024-07-06T02:59:25.859578Z,54.84,T1,122,064,"[106.68977058230168, -6.374663007063259, 106.9702215570279, -6.0767235432851505]"
2024,LC09_L2SP_122065_20240628_02_T1,landsat-9,2024-06-28T02:59:33.672071Z,32.41,T1,122,065,"[106.68977058230168, -6.374663007063259, 106.9702215570279, -6.0767235432851505]"
2024,LC09_L2SP_122064_20240628_02_T1,landsat-9,2024-06-28T02:59:09.747169Z,21.97,T1,122,064,"[106.68977058230168, -6.374663007063259, 106.9702215570279, -6.0767235432851505]"
2024,LC08_L2SP_122065_20240620_02_T1,landsat-8,2024-06-20T02:59:41.658844Z,15.03,T1,122,065,"[106.68977058230168, -6.374663007063259, 106.9702215570279, -6.0767235432851505]"
2024,LC08_L2SP_122064_20240620_02_T1,landsat-8,2024-06-20T02:59:17.733916Z,23.57,T1,122,064,"[106.68977058230168, -6.374663007063259, 106.9702215570279, -6.0767235432851505]"
2024,LC09_L2SP_122065_20240612_02_T1,landsat-9,2024-06-12T02:59:46.357417Z,27.12,T1,122,065,"[106.68977058230168, -6.374663007063259, 106.9702215570279, -6.0767235432851505]"
2024,LC09_L2SP_122064_20240612_02_T1,landsat-9,2024-06-12T02:59:22.436749Z,55.51,T1,122,064,"[106.68977058230168, -6.374663007063259, 106.9702215570279, -6.0767235432851505]"
2024,LC08_L2SP_122065_20240604_02_T1,landsat-8,2024-06-04T02:59:33.915216Z,11.64,T1,122,065,"[106.68977058230168, -6.374663007063259, 106.9702215570279, -6.0767235432851505]"
2024,LC08_L2SP_122064_20240604_02_T1,landsat-8,2024-06-04T02:59:09.990288Z,28.79,T1,122,064,"[106.68977058230168, -6.374663007063259, 106.9702215570279, -6.0767235432851505]"
