grid_id,phi_LST,phi_NDVI,phi_NDBI,cluster,baseline,prediction
93145000701,0.007770983486661007,0.02158058722052942,-0.03667545247228503,3,34.964325428922535,34.95700154715744
93085000700,-0.16469028443291597,0.026657311776086556,-0.08576713227879057,2,34.964325428922535,34.740525323986915
93195000690,-0.14439448940881172,0.016451546591325677,-0.023417066001582502,1,34.964325428922535,34.81296542010347
93165000710,0.3983970876995874,0.01920343042858808,0.07566542211314532,3,34.964325428922535,35.45759136916386
93125000710,0.9155153853089889,0.05218559980963913,0.028857455983440805,2,34.964325428922535,35.9608838700246
93185000690,-0.09547399713272714,0.0010900558842280327,-0.024548723018382634,4,34.964325428922535,34.84539276465566
93175000717,-0.5043764542354284,0.008613785746972216,-0.3600098474103901,1,34.964325428922535,34.108552913023686
93145000695,0.16863681805345632,0.01612627941236773,0.0721368143189868,3,34.964325428922535,35.22122534070735
93015000701,-0.47846489001605247,-0.061040614662122086,-0.3379280340672215,4,34.964325428922535,34.08689189017714
93015000711,-0.5669469269500559,-0.051466986360715214,-0.36361379107523073,4,34.964325428922535,33.98229772453654
93165000712,0.9071860529203748,0.07521409536221424,0.021991795183166598,4,34.964325428922535,35.96871737238829
93245000714,-0.20277784075601868,0.034157571518326546,0.07984085004566854,4,34.964325428922535,34.87554600973051
93135000714,0.9030170594454513,0.04978042336814951,0.0667221490329996,4,34.964325428922535,35.983845060769134
93095000712,0.5277757194777337,-0.014098799275885858,0.02051944415339265,2,34.964325428922535,35.498521793277774
93225000711,0.7375060848476614,0.05697056881541778,0.08166833158930062,1,34.964325428922535,35.840470414174916
92955000709,-0.8604445442822314,-0.1028559483360392,-0.41133145184110037,3,34.964325428922535,33.58969348446316
93215000699,0.06773208702901365,0.05295100514737691,0.131748101739709,3,34.964325428922535,35.21675662283864
93075000708,0.5586381000916048,0.029022985760731257,-0.0004862085801756663,2,34.964325428922535,35.5515003061947
93035000701,-0.34060200957657233,0.017857005447452192,0.002804232912377332,4,34.964325428922535,34.64438465770579
93105000707,0.9434040433432366,0.01782354912510163,-0.004019045555721586,3,34.964325428922535,35.92153397583515
93245000691,-2.0640048063069067,0.016153835851037184,-0.38088186224446324,4,34.964325428922535,32.5355925962222
93195000687,0.04804212911130062,0.01199913623884423,0.03307292350421301,4,34.964325428922535,35.05743961777689
93055000704,0.6327874526547016,0.0034398901117906446,0.07335255958447626,2,34.964325428922535,35.6739053312735
93165000707,0.5366902335145911,0.01608839872794503,0.012764231067411456,3,34.964325428922535,35.529868292232486
93155000692,-0.0497211543147555,0.0028416039990917684,-0.10317574801401623,3,34.964325428922535,34.81427013059285
93135000702,-0.5063079593500912,0.011975502011641924,-0.2487316477600695,3,34.964325428922535,34.22126132382402
93115000699,-0.5864564482652498,0.0080233905316432,-0.34939125615167366,2,34.964325428922535,34.036501115037254
93035000705,0.05341894916367239,0.03846706967736112,0.012792427081089384,4,34.964325428922535,35.06900387484466
93155000694,0.06007285982497713,-0.002371017297246659,-0.008416983295213024,3,34.964325428922535,35.01361028815505
93185000707,0.19670463235186117,0.02937584074030493,0.028642389963960346,1,34.964325428922535,35.21904829197866
93165000715,0.7069570034440089,0.039408380267223965,0.015258290839115765,4,34.964325428922535,35.725949103472885
93115000702,-0.48650141496371874,-0.008951300218825065,-0.1299733012779422,2,34.964325428922535,34.33889941246205
92965000698,-0.8678571273761676,-0.08036946442238796,-0.2875821085563235,1,34.964325428922535,33.728516728567655
93075000694,0.281887533716184,0.05260407038622055,0.01768756006230679,2,34.964325428922535,35.316504593087245
93205000693,0.6218162991300115,0.035913843801261724,0.06578777949555197,1,34.964325428922535,35.68784335134936
93105000701,-0.23818847773943336,0.000957547421174348,0.007960464691501556,2,34.964325428922535,34.73505496329578
93195000704,0.09918044128426187,0.014384614181157912,-0.21689975779708626,1,34.964325428922535,34.86099072659087
93025000701,-0.6645388922222498,-0.06877604562233544,-0.3939180103650373,4,34.964325428922535,33.83709248071291
93245000710,-1.029630069225216,-0.005866123903017726,0.0788031845822462,4,34.964325428922535,34.007632420376545
93135000717,0.41340661219459823,0.021158157144511386,0.05744724732055225,1,34.964325428922535,35.4563374455822
93075000703,0.658284645281855,0.003952771323680795,0.017762002566210147,2,34.964325428922535,35.64432484809428
93225000717,-2.260279134666145,0.013035820372949819,-0.33326417076323483,1,34.964325428922535,32.383817943866106
93015000703,0.017425419924661147,0.05195498315340927,-0.12911488808826233,4,34.964325428922535,34.904590943912346
93185000710,-0.011360008513145678,0.0149356130076671,-0.005753365731378085,4,34.964325428922535,34.96214766768568
93175000713,0.7779165658555977,-0.024403609115687896,-0.12027749426831914,1,34.964325428922535,35.597560891394124
93075000704,0.5926745364385947,-0.0013785766936313122,-0.025267478808728074,2,34.964325428922535,35.53035390985877
93235000707,-1.2010565035274012,0.012568766561482238,0.12454928948824269,1,34.964325428922535,33.90038698144486
93135000693,-0.2679807941822973,0.05431889066506484,-0.14355642596263674,3,34.964325428922535,34.607107099442665
93145000691,-0.26916135191820606,0.05035547302983282,-0.08358919110018707,3,34.964325428922535,34.66193035893397
93245000707,-2.6586028728618536,0.08197155775576753,0.021773514542267437,1,34.964325428922535,32.40946762835872
93155000713,0.9567896701029651,0.023794939792492465,-0.025861243064322307,1,34.964325428922535,35.91904879575367
93235000687,-0.9362522587235816,0.00740456643300949,-0.15151833278951843,1,34.964325428922535,33.88395940384245
93125000704,0.20208822173268481,0.02404208355121662,0.11483489725140691,3,34.964325428922535,35.305290631457844
93145000697,0.6704492459425222,0.030538846969457283,0.09182944693453357,3,34.964325428922535,35.757142968769045
93225000707,-0.6890452485596089,0.010819388004790417,0.16489365637492504,1,34.964325428922535,34.45099322474264
93235000713,0.43433140033247597,0.05657004709652918,0.06609965369339314,1,34.964325428922535,35.52132653004493
93005000700,-0.07157242604960462,0.014477947455178247,-0.16946091535508712,4,34.964325428922535,34.737770034973025
93225000693,-0.8918166798267738,-0.006785718280336084,-0.13175449931563196,3,34.964325428922535,33.933968531499794
93215000707,-0.5148884733554255,-0.00615085777802306,0.1480522398752285,1,34.964325428922535,34.59133833766432
93165000709,0.2080425612105489,0.027126143611601584,0.007258488804156353,3,34.964325428922535,35.20675262254884
93195000688,0.09998164865918922,0.027287485292160584,0.03341979635694963,4,34.964325428922535,35.12501435923083
93075000697,0.29121972903145305,0.01590738750476391,-0.09822889180561913,2,34.964325428922535,35.17322365365313
93115000701,-0.517199146968963,-0.007835463532984484,-0.07092824524438869,2,34.964325428922535,34.3683625731762
93085000706,0.27316135418938553,0.003104066284924767,0.09545801987093772,2,34.964325428922535,35.336048869267785
93045000697,-0.10236669317807198,0.043898437145651066,-0.2574174299922435,2,34.964325428922535,34.64843974289787
93045000702,-0.022166639664624194,0.03744838536594629,0.04544682264059005,4,34.964325428922535,35.02505399726445
93215000714,0.1651886487771871,0.035815668631295476,-0.008851865484038279,1,34.964325428922535,35.15647788084698
93215000717,-2.5376332256383423,-0.01308663207229819,-0.38720459952147135,1,34.964325428922535,32.02640097169042
93135000696,0.6571443407206404,0.025254794724242687,0.0796192732881543,3,34.964325428922535,35.72634383765557
93165000691,-0.16133827796060632,0.014888394120561081,-0.05927822575447193,3,34.964325428922535,34.75859731932802
93115000694,0.24608155199953458,0.023202312955995077,-0.04356368874319803,2,34.964325428922535,35.19004560513487
92965000711,-1.0570280872429108,-0.032841589136262776,-0.28410087701106496,3,34.964325428922535,33.5903548755323
93165000692,-0.09341379128029131,0.005206042634668263,-0.10213958268937895,3,34.964325428922535,34.77397809758753
93195000712,-0.011032266284073236,-0.0022699370000021767,-0.1031265682318479,4,34.964325428922535,34.847896657406615
93125000696,0.6673531329680912,0.01961755616842611,0.07194339681168577,2,34.964325428922535,35.72323951487074
93045000701,-0.09935061871602785,0.042453044765337455,-0.03852824760905164,4,34.964325428922535,34.86889960736279
93205000704,-0.09268142547662661,0.0048485909328275165,-0.27519026691619375,1,34.964325428922535,34.60130232746254
93245000689,0.1872893514790683,0.03685700602584632,0.0880214170482624,4,34.964325428922535,35.27649320347571
93165000696,0.3160258958350459,0.05087249352727147,0.10324459434556033,3,34.964325428922535,35.434468412630416
93255000714,-0.5266626590217852,0.012825917398820691,-0.05743898300414376,4,34.964325428922535,34.39304970429543
93125000709,0.8719490487881502,0.06029392962078056,0.04452589913330531,4,34.964325428922535,35.94109430646477
92995000703,0.16009298671329975,0.07084364763019266,-0.04808152854346516,4,34.964325428922535,35.147180534722565
93215000693,0.030734500249560426,0.04492876925214401,0.10889272211642147,3,34.964325428922535,35.14888142054066
93105000710,0.6729667690753245,-0.020709445737252214,0.02942892245388623,3,34.964325428922535,35.646011674714494
93145000693,0.004254589543714592,-0.0022296322410772077,-0.038550339695055176,3,34.964325428922535,34.927800046530116
93015000706,0.3210012677892889,0.03978677059727126,-0.027326850073535046,4,34.964325428922535,35.29778661723556
92985000699,-0.19106668877151925,0.006170156117837652,-0.09016921509011952,4,34.964325428922535,34.68925968117873
93195000702,0.2741738643916073,0.0493143787910036,0.17506537283973667,1,34.964325428922535,35.462879044944884
93205000692,0.3187365015645455,0.0696585031158904,0.0990833568093677,1,34.964325428922535,35.45180379041234
93115000704,0.24533968822627336,0.016735123746208093,0.12516281335014362,2,34.964325428922535,35.35156305424516
93225000695,-1.7871591492417058,-0.02286899278449479,-0.3326173571010632,3,34.964325428922535,32.82167992979527
93205000714,0.7991752658369883,0.06225316893788439,0.04163483339895722,1,34.964325428922535,35.86738869709637
93225000715,-0.6597175845326704,0.013028405258741983,-0.33501329422326115,1,34.964325428922535,33.98262295542535
93085000704,0.3138385011278376,-0.012899435144443078,0.017698212376161385,2,34.964325428922535,35.28296270728209
92975000707,0.38620042811422733,0.021038428274794053,0.09475076732030084,4,34.964325428922535,35.466315052631856
93055000695,0.12488950542183637,0.05626840109018166,-0.059929655343347085,2,34.964325428922535,35.08555368009121
93175000697,0.2496790561886587,0.06463674203315954,0.05013915640894337,3,34.964325428922535,35.328780383553294
93215000710,0.3121823189863418,0.0460089223779581,0.11964700194589686,1,34.964325428922535,35.44216367223273
93225000714,0.054614946494282654,0.02771272848451265,-0.043347193850849175,1,34.964325428922535,35.00330591005048
93175000690,0.00965408238699889,-0.011943629346208458,0.02464490147913618,4,34.964325428922535,34.98668078344246
93125000699,-0.5715416997890752,0.00449015401096392,-0.34591641772401494,2,34.964325428922535,34.05135746542041
92955000708,-0.20376085987771977,-0.003560622755210848,-0.15208881177482564,4,34.964325428922535,34.604915134514776
93135000695,0.24743126607124333,-0.0010179298335787725,0.08229790453438687,3,34.964325428922535,35.29303666969459
93225000716,-1.6099779610338956,0.0019363295955193306,-0.3730301244479756,1,34.964325428922535,32.98325367303618
93165000700,0.41233645593338003,0.028226590489973592,0.08856212926725433,3,34.964325428922535,35.493450604613145
93115000705,0.6823116068444647,0.0272558087461865,0.10282841345144053,2,34.964325428922535,35.776721257964624
93095000711,0.5055856227357767,-0.007959171911354873,0.0022784850287403957,3,34.964325428922535,35.464230364775695
93165000713,0.7811554882248744,0.005771849885979983,-0.08123264947117691,1,34.964325428922535,35.67002011756221
93245000712,-0.39340852301342116,0.031001544795851762,0.21027312389771682,4,34.964325428922535,34.812191574602686
93165000698,0.3815925592099734,0.02553703052229349,0.0856953073439146,3,34.964325428922535,35.45715032599872
93175000699,0.5479594273634333,0.03335236221445376,0.06122934418139081,3,34.964325428922535,35.606866562681816
93025000710,-0.04496140663080324,-0.004587207028154255,-0.25665572716959295,4,34.964325428922535,34.658121088093985
93085000702,0.5004368270408803,-0.008347490616986414,0.09302131673303765,2,34.964325428922535,35.54943608207947
93155000705,0.6864728898829496,0.07709271983810541,0.13887406448663536,3,34.964325428922535,35.86676510313023
93065000694,0.1299954433051923,0.05134172512903633,-0.07757043997100367,2,34.964325428922535,35.06809215738576
93105000714,0.7005389192365342,-0.006506040825366006,0.0704863454112844,2,34.964325428922535,35.72884465274499
93105000705,0.6121588184404843,0.0206338352987527,0.10210172516497426,2,34.964325428922535,35.69921980782674
93175000715,0.48475010086763615,0.004606355472901684,0.048580459915598354,1,34.964325428922535,35.50226234517867
93015000704,0.06860892933301224,0.01637667998870165,-0.18144287080267787,4,34.964325428922535,34.86786816744157
93145000704,0.057864452569568216,0.006313344174582865,0.05127406890032683,3,34.964325428922535,35.079777294567016
93235000692,-1.5861882363138589,-0.004527317332321237,-0.27112325533908027,3,34.964325428922535,33.102486619937274
93225000697,-0.7997357283731102,0.0034312491720716876,0.06457213305309514,3,34.964325428922535,34.23259308277459
93165000693,-0.05332801092454296,-0.01088737661590618,-0.10905688954461941,3,34.964325428922535,34.79105315183747
93155000707,0.5500790308620629,0.0187137462289838,0.060187785114253003,3,34.964325428922535,35.593305991127835
93095000698,0.17675949605669608,0.010073826601952607,0.014268604992966512,2,34.964325428922535,35.16542735657415
93015000702,-0.18425659029558433,-0.012467842508430058,-0.22591586051458792,4,34.964325428922535,34.541685135603934
92975000711,-0.8261531582312872,-0.07333135510987324,-0.3099557513025188,4,34.964325428922535,33.75488516427885
93155000701,0.053910970459117885,0.0023280441370128373,0.030982243765773868,3,34.964325428922535,35.05154668728444
