grid_id,phi_LST,cluster,baseline,prediction
93145000701,0.15102306935956733,3,34.88975920072542,35.04078227008499
93085000700,-0.13836834223621253,2,34.88975920072542,34.75139085848921
93195000690,0.020033378434270332,1,34.88975920072542,34.90979257915969
93165000710,0.5310708622872866,3,34.88975920072542,35.42083006301271
93125000710,1.166101190761509,2,34.88975920072542,36.05586039148693
93185000690,-0.002103005677462022,4,34.88975920072542,34.88765619504796
93175000717,-0.5171671080823828,1,34.88975920072542,34.37259209264304
93145000695,0.24311445624972805,3,34.88975920072542,35.13287365697515
93015000701,-0.40019921492573474,4,34.88975920072542,34.48955998579969
93015000711,-0.7172875255065421,4,34.88975920072542,34.17247167521888
93165000712,1.0234931799948939,4,34.88975920072542,35.913252380720316
93245000714,-0.06163297886966035,4,34.88975920072542,34.82812622185576
93135000714,1.1779707813072307,4,34.88975920072542,36.06772998203265
93095000712,0.6182637261632777,2,34.88975920072542,35.5080229268887
93225000711,0.9556239781186022,1,34.88975920072542,35.845383178844024
92955000709,-1.0325656262602294,3,34.88975920072542,33.85719357446519
93215000699,0.20216038855225804,3,34.88975920072542,35.09191958927768
93075000708,0.7495364914679428,2,34.88975920072542,35.639295692193365
93035000701,-0.46622435146998953,4,34.88975920072542,34.42353484925543
93105000707,1.019650969171181,3,34.88975920072542,35.9094101698966
93245000691,-2.170033759784957,4,34.88975920072542,32.719725440940465
93195000687,0.09656004136585494,4,34.88975920072542,34.98631924209128
93055000704,0.7549993074088377,2,34.88975920072542,35.64475850813426
93165000707,0.6472875818072623,3,34.88975920072542,35.537046782532684
93155000692,0.018607486173138454,3,34.88975920072542,34.90836668689856
93135000702,-0.7247728381104821,3,34.88975920072542,34.16498636261494
93115000699,-0.7415897405993377,2,34.88975920072542,34.148169460126084
93035000705,0.11940597086995552,4,34.88975920072542,35.00916517159538
93155000694,0.08584254015868709,3,34.88975920072542,34.97560174088411
93185000707,0.3156852070695919,1,34.88975920072542,35.205444407795014
93165000715,0.8236672030738319,4,34.88975920072542,35.713426403799254
93115000702,-0.6747616202182485,2,34.88975920072542,34.21499758050717
92965000698,-1.1415950195221356,1,34.88975920072542,33.748164181203286
93075000694,0.3565171050271303,2,34.88975920072542,35.24627630575255
93205000693,0.905097598589407,1,34.88975920072542,35.79485679931483
93105000701,-0.30550207428181864,2,34.88975920072542,34.5842571264436
93195000704,0.26753233281332456,1,34.88975920072542,35.157291533538746
93025000701,-0.6700658783074758,4,34.88975920072542,34.219693322417946
93245000710,-0.9982356999400608,4,34.88975920072542,33.89152350078536
93135000717,0.6110989767374946,1,34.88975920072542,35.500858177462916
93075000703,0.7420195192782586,2,34.88975920072542,35.63177872000368
93225000717,-2.4189896843918888,1,34.88975920072542,32.47076951633353
93015000703,0.07904999737473872,4,34.88975920072542,34.96880919810016
93185000710,0.054881737213541726,4,34.88975920072542,34.94464093793896
93175000713,0.9241466421046312,1,34.88975920072542,35.81390584283005
93075000704,0.6746055736639747,2,34.88975920072542,35.5643647743894
93235000707,-1.1601737351353023,1,34.88975920072542,33.72958546559012
93135000693,-0.2577426928514015,3,34.88975920072542,34.63201650787402
93145000691,-0.2617924798744795,3,34.88975920072542,34.62796672085094
93245000707,-2.7877182086004666,1,34.88975920072542,32.102040992124955
93155000713,1.1065043061915603,1,34.88975920072542,35.99626350691698
93235000687,-1.0762851791689485,1,34.88975920072542,33.81347402155647
93125000704,0.3556737306837334,3,34.88975920072542,35.245432931409155
93145000697,0.851622788476547,3,34.88975920072542,35.74138198920197
93225000707,-0.5720936877201908,1,34.88975920072542,34.31766551300523
93235000713,0.6613314881990817,1,34.88975920072542,35.5510906889245
93005000700,-0.021968382167180778,4,34.88975920072542,34.86779081855824
93225000693,-1.0682162932134958,3,34.88975920072542,33.821542907511926
93215000707,-0.4017113858119927,1,34.88975920072542,34.48804781491343
93165000709,0.3150699330409239,3,34.88975920072542,35.204829133766346
93195000688,0.2262597762419034,4,34.88975920072542,35.116018976967325
93075000697,0.4513348890177227,2,34.88975920072542,35.341094089743144
93115000701,-0.6855393661758029,2,34.88975920072542,34.20421983454962
93085000706,0.4015503376791969,2,34.88975920072542,35.29130953840462
93045000697,-0.17543803999033258,2,34.88975920072542,34.71432116073509
93045000702,0.016633416993883543,4,34.88975920072542,34.906392617719305
93215000714,0.2982774867668212,1,34.88975920072542,35.18803668749224
93215000717,-2.730879344830406,1,34.88975920072542,32.158879855895016
93135000696,0.8286707625590637,3,34.88975920072542,35.718429963284485
93165000691,-0.042626340725661294,3,34.88975920072542,34.84713285999976
93115000694,0.36793541322354884,2,34.88975920072542,35.25769461394897
92965000711,-1.5507980388485194,3,34.88975920072542,33.3389611618769
93165000692,-0.062031195921349536,3,34.88975920072542,34.82772800480407
93195000712,-0.026587568725268795,4,34.88975920072542,34.86317163200015
93125000696,0.8122931190633551,2,34.88975920072542,35.70205231978878
93045000701,-0.04743104976837742,4,34.88975920072542,34.842328150957044
93205000704,-0.06184178918642402,1,34.88975920072542,34.827917411539
93245000689,0.23486223908133042,4,34.88975920072542,35.12462143980675
93165000696,0.5959838162398938,3,34.88975920072542,35.485743016965316
93255000714,-0.36389085854750647,4,34.88975920072542,34.525868342177915
93125000709,1.134441412847849,4,34.88975920072542,36.02420061357327
92995000703,0.23217158312930763,4,34.88975920072542,35.12193078385473
93215000693,0.04403040418708315,3,34.88975920072542,34.933789604912505
93105000710,0.7875381918035558,3,34.88975920072542,35.67729739252898
93145000693,0.06674818021453888,3,34.88975920072542,34.95650738093996
93015000706,0.5585218146814483,4,34.88975920072542,35.44828101540687
92985000699,-0.25324438214195055,4,34.88975920072542,34.63651481858347
93195000702,0.40779823546465366,1,34.88975920072542,35.297557436190075
93205000692,0.47668916832740393,1,34.88975920072542,35.366448369052826
93115000704,0.38253068748806385,2,34.88975920072542,35.272289888213486
93225000695,-1.8684465481812111,3,34.88975920072542,33.02131265254421
93205000714,0.9475625490968795,1,34.88975920072542,35.8373217498223
93225000715,-0.7760304365267601,1,34.88975920072542,34.11372876419866
93085000704,0.3787170596168181,2,34.88975920072542,35.26847626034224
92975000707,0.4889781443016403,4,34.88975920072542,35.37873734502706
93055000695,0.16051255004039433,2,34.88975920072542,35.050271750765816
93175000697,0.4047238986738506,3,34.88975920072542,35.29448309939927
93215000710,0.5971577685139664,1,34.88975920072542,35.48691696923939
93225000714,0.18807714032223544,1,34.88975920072542,35.07783634104766
93175000690,0.09335714516686267,4,34.88975920072542,34.983116345892284
93125000699,-0.7375437697014107,2,34.88975920072542,34.15221543102401
92955000708,-0.26846742440740456,4,34.88975920072542,34.62129177631802
93135000695,0.3568942088927116,3,34.88975920072542,35.24665340961813
93225000716,-1.737649434860785,1,34.88975920072542,33.15210976586464
93165000700,0.5239686203134113,3,34.88975920072542,35.41372782103883
93115000705,0.8018688633626496,2,34.88975920072542,35.69162806408807
93095000711,0.594312997329915,3,34.88975920072542,35.48407219805534
93165000713,0.9033037274772298,1,34.88975920072542,35.79306292820265
93245000712,-0.25069005013035905,4,34.88975920072542,34.63906915059506
93165000698,0.5543827096985439,3,34.88975920072542,35.444141910423966
93175000699,0.6897601335548771,3,34.88975920072542,35.5795193342803
93025000710,-0.10380300318401936,4,34.88975920072542,34.7859561975414
93085000702,0.5840391608074569,2,34.88975920072542,35.47379836153288
93155000705,0.8604265993864857,3,34.88975920072542,35.75018580011191
93065000694,0.17168822182838284,2,34.88975920072542,35.061447422553805
93105000714,0.841240214257823,2,34.88975920072542,35.730999414983245
93105000705,0.7213591187465624,2,34.88975920072542,35.611118319471984
93175000715,0.687968696105763,1,34.88975920072542,35.577727896831185
93015000704,0.20372124244335055,4,34.88975920072542,35.09348044316877
93145000704,0.10630091287112009,3,34.88975920072542,34.99606011359654
93235000692,-1.7506643250258662,3,34.88975920072542,33.139094875699556
93225000697,-0.8648805067551422,3,34.88975920072542,34.02487869397028
93165000693,-0.06620295538429133,3,34.88975920072542,34.82355624534113
93155000707,0.6203689979405738,3,34.88975920072542,35.510128198665996
93095000698,0.2362656204170861,2,34.88975920072542,35.12602482114251
93015000702,0.028418436730731855,4,34.88975920072542,34.918177637456154
92975000711,-1.0647227205340641,4,34.88975920072542,33.82503648019136
93155000701,0.10508135329207136,3,34.88975920072542,34.99484055401749
