cluster,variable,vector_shap_mean,vector_shap_std,vector_shap_sem,vector_shap_q25,vector_shap_q75,vector_shap_median,vector_shap_pct,n_samples
1,LST,0.742076,0.537883,0.099882,0.370769,0.837968,0.704037,77.87,29
1,NDBI,0.158627,0.14193,0.026356,0.057037,0.180773,0.122474,16.64,29
1,NDVI,0.0523,0.058777,0.010915,0.01313,0.056083,0.029253,5.49,29
2,LST,0.34329,0.249992,0.048111,0.117962,0.494198,0.31847,77.44,27
2,NDBI,0.076212,0.065519,0.012609,0.031785,0.091934,0.061173,17.19,27
2,NDVI,0.023771,0.014941,0.002875,0.009679,0.03256,0.025832,5.36,27
3,LST,0.479762,0.40879,0.066315,0.164339,0.668778,0.354074,82.98,38
3,NDBI,0.088817,0.06671,0.010822,0.045421,0.125487,0.061929,15.36,38
3,NDVI,0.009577,0.008225,0.001334,0.003531,0.01332,0.007556,1.66,38
4,LST,0.370652,0.375514,0.0644,0.049927,0.591689,0.243044,70.86,34
4,NDBI,0.120451,0.112098,0.019225,0.046574,0.124212,0.0839,23.03,34
4,NDVI,0.03196,0.027617,0.004736,0.010538,0.043587,0.021668,6.11,34
