cluster,variable,mean,std,median,q25,q75,percentage,n_samples
1,LST,0.621241,0.635322,0.377789,0.231395,0.677246,63.45,26
1,NDVI,0.216613,0.141636,0.220048,0.095642,0.304624,22.12,26
1,NDBI,0.14121,0.126372,0.099487,0.067141,0.161335,14.42,26
2,LST,0.336409,0.253313,0.229125,0.157356,0.437054,45.12,28
2,NDBI,0.276182,0.156169,0.25921,0.160646,0.419656,37.04,28
2,NDVI,0.133013,0.1569,0.04116,0.018254,0.174361,17.84,28
3,LST,0.602555,0.738031,0.3463,0.115465,0.755525,63.11,40
3,NDBI,0.281101,0.156002,0.287138,0.161945,0.371191,29.44,40
3,NDVI,0.071139,0.069755,0.046888,0.016687,0.092621,7.45,40
4,LST,0.554818,0.425135,0.464427,0.239298,0.744907,62.97,34
4,NDVI,0.166034,0.106274,0.150948,0.079687,0.224533,18.85,34
4,NDBI,0.160188,0.16915,0.081064,0.027661,0.305823,18.18,34
