metode,k,wcss,silhouette,db_index,dunn_index
DTW K-Means,2,2126.6359,0.227,1.7306,0.4609
K-Means,2,2019.8191,0.2759,1.5627,0.4955
K-Shape,2,2661.1335,0.0702,4.1701,0.2146
DTW K-Means,3,1553.0118,0.2845,1.2485,0.5366
K-Means,3,1414.691,0.3254,1.1556,0.5345
K-Shape,3,2573.3835,0.0294,5.2378,0.1581
DTW K-Means,4,1241.9739,0.2891,1.2198,0.4369
K-Means,4,1121.4309,0.3348,1.0807,0.5213
K-Shape,4,2314.5957,0.034,4.9106,0.1228
DTW K-Means,5,1183.5378,0.2351,1.4707,0.3274
K-Means,5,968.117,0.311,1.1414,0.4272
K-Shape,5,1838.7367,0.1005,2.6168,0.2021
DTW K-Means,6,1107.804,0.2304,1.513,0.3561
K-Means,6,846.925,0.3109,1.0848,0.4399
K-Shape,6,1754.2638,0.0855,2.83,0.1654
DTW K-Means,7,1074.1202,0.2119,1.7598,0.2685
K-Means,7,767.8618,0.3071,1.0563,0.4169
K-Shape,7,1668.6854,0.0946,2.7833,0.1907
