grid_id,included,missing_columns
92955000708,True,
92955000709,True,
92965000698,True,
92965000699,True,
92965000707,True,
92965000708,True,
92965000709,True,
92965000710,True,
92965000711,True,
92975000698,True,
92975000699,True,
92975000700,True,
92975000701,True,
92975000702,True,
92975000706,True,
92975000707,True,
92975000708,True,
92975000709,True,
92975000710,True,
92975000711,True,
92985000699,True,
92985000700,True,
92985000701,True,
92985000702,True,
92985000705,True,
92985000706,True,
92985000707,True,
92985000708,True,
92985000709,True,
92985000710,True,
92985000711,True,
92995000699,True,
92995000700,True,
92995000701,True,
92995000702,True,
92995000703,True,
92995000704,True,
92995000705,True,
92995000706,True,
92995000707,True,
92995000708,True,
92995000709,True,
92995000710,True,
92995000711,True,
93005000700,True,
93005000701,True,
93005000702,True,
93005000703,True,
93005000704,True,
93005000705,True,
93005000706,True,
93005000707,True,
93005000708,True,
93005000709,True,
93005000710,True,
93005000711,True,
93015000700,True,
93015000701,True,
93015000702,True,
93015000703,True,
93015000704,True,
93015000705,True,
93015000706,True,
93015000707,True,
93015000708,True,
93015000709,True,
93015000710,True,
93015000711,True,
93015000712,True,
93025000696,True,
93025000697,True,
93025000698,True,
93025000699,True,
93025000700,True,
93025000701,True,
93025000702,True,
93025000703,True,
93025000704,True,
93025000705,True,
93025000706,True,
93025000707,True,
93025000708,True,
93025000709,True,
93025000710,True,
93025000711,True,
93025000712,True,
93035000696,True,
93035000697,True,
93035000698,True,
93035000699,True,
93035000700,True,
93035000701,True,
93035000702,True,
93035000703,True,
93035000704,True,
93035000705,True,
93035000706,True,
93035000707,True,
93035000708,True,
93035000709,True,
93035000710,True,
93045000695,True,
93045000696,True,
93045000697,True,
93045000698,True,
93045000699,True,
93045000700,True,
93045000701,True,
93045000702,True,
93045000703,True,
93045000704,True,
93045000705,True,
93045000706,True,
93045000707,True,
93045000708,True,
93045000709,True,
93045000710,True,
93055000695,True,
93055000696,True,
93055000697,True,
93055000698,True,
93055000699,True,
93055000700,True,
93055000701,True,
93055000702,True,
93055000703,True,
93055000704,True,
93055000705,True,
93055000706,True,
93055000707,True,
93055000708,True,
93055000709,True,
93055000710,True,
93065000694,True,
93065000695,True,
93065000696,True,
93065000697,True,
93065000698,True,
93065000699,True,
93065000700,True,
93065000701,True,
93065000702,True,
93065000703,True,
93065000704,False,"ndvi2021,ndbi2021,ndvi_raw2021,ndbi_raw2021"
93065000705,True,
93065000706,True,
93065000707,True,
93065000708,True,
93065000709,True,
93065000710,True,
93075000694,True,
93075000695,True,
93075000696,True,
93075000697,True,
93075000698,True,
93075000699,True,
93075000700,True,
93075000701,True,
93075000702,True,
93075000703,True,
93075000704,True,
93075000705,True,
93075000706,True,
93075000707,True,
93075000708,True,
93075000709,True,
93075000710,True,
93085000694,True,
93085000695,True,
93085000696,True,
93085000697,True,
93085000698,True,
93085000699,True,
93085000700,True,
93085000701,True,
93085000702,True,
93085000703,True,
93085000704,True,
93085000705,True,
93085000706,True,
93085000707,True,
93085000708,True,
93085000709,True,
93085000710,True,
93085000711,True,
93085000712,True,
93085000713,True,
93085000714,True,
93095000693,True,
93095000694,True,
93095000695,True,
93095000696,True,
93095000697,True,
93095000698,True,
93095000699,True,
93095000700,True,
93095000701,True,
93095000702,True,
93095000703,True,
93095000704,True,
93095000705,True,
93095000706,True,
93095000707,True,
93095000708,True,
93095000709,True,
93095000710,True,
93095000711,True,
93095000712,True,
93095000713,True,
93095000714,True,
93105000693,True,
93105000694,True,
93105000695,True,
93105000696,True,
93105000697,True,
93105000698,True,
93105000699,True,
93105000700,True,
93105000701,True,
93105000702,True,
93105000703,True,
93105000704,True,
93105000705,True,
93105000706,True,
93105000707,True,
93105000708,True,
93105000709,True,
93105000710,True,
93105000711,True,
93105000712,True,
93105000713,True,
93105000714,True,
93115000692,True,
93115000693,True,
93115000694,True,
93115000695,True,
93115000696,True,
93115000697,True,
93115000698,True,
93115000699,True,
93115000700,True,
93115000701,True,
93115000702,True,
93115000703,True,
93115000704,True,
93115000705,True,
93115000706,True,
93115000707,True,
93115000708,True,
93115000709,True,
93115000710,True,
93115000711,True,
93115000712,True,
93115000713,True,
93115000714,True,
93125000690,True,
93125000691,True,
93125000692,True,
93125000693,True,
93125000694,True,
93125000695,True,
93125000696,True,
93125000697,True,
93125000698,True,
93125000699,True,
93125000700,True,
93125000701,True,
93125000702,True,
93125000703,True,
93125000704,True,
93125000705,True,
93125000706,True,
93125000707,True,
93125000708,True,
93125000709,True,
93125000710,True,
93125000711,True,
93125000712,True,
93125000713,True,
93125000714,True,
93125000715,True,
93125000716,True,
93135000691,True,
93135000692,True,
93135000693,True,
93135000694,True,
93135000695,True,
93135000696,True,
93135000697,True,
93135000698,True,
93135000699,True,
93135000700,True,
93135000701,True,
93135000702,True,
93135000703,True,
93135000704,True,
93135000705,True,
93135000706,True,
93135000707,True,
93135000708,True,
93135000709,True,
93135000710,True,
93135000711,True,
93135000712,True,
93135000713,True,
93135000714,True,
93135000715,True,
93135000716,True,
93135000717,True,
93145000691,True,
93145000692,True,
93145000693,True,
93145000694,True,
93145000695,True,
93145000696,True,
93145000697,True,
93145000698,True,
93145000699,True,
93145000700,True,
93145000701,True,
93145000702,True,
93145000703,True,
93145000704,True,
93145000705,True,
93145000706,True,
93145000707,True,
93145000708,True,
93145000709,True,
93145000710,True,
93145000711,True,
93145000712,True,
93145000713,True,
93145000714,True,
93145000715,True,
93145000716,True,
93145000717,True,
93155000690,True,
93155000691,True,
93155000692,True,
93155000693,True,
93155000694,True,
93155000695,True,
93155000696,True,
93155000697,True,
93155000698,True,
93155000699,True,
93155000700,True,
93155000701,True,
93155000702,True,
93155000703,True,
93155000704,True,
93155000705,True,
93155000706,True,
93155000707,True,
93155000708,True,
93155000709,True,
93155000710,True,
93155000711,True,
93155000712,True,
93155000713,True,
93155000714,True,
93155000715,True,
93155000716,True,
93155000717,True,
93165000689,True,
93165000690,True,
93165000691,True,
93165000692,True,
93165000693,True,
93165000694,True,
93165000695,True,
93165000696,True,
93165000697,True,
93165000698,True,
93165000699,True,
93165000700,True,
93165000701,True,
93165000702,True,
93165000703,True,
93165000704,True,
93165000705,True,
93165000706,True,
93165000707,True,
93165000708,True,
93165000709,True,
93165000710,True,
93165000711,True,
93165000712,True,
93165000713,True,
93165000714,True,
93165000715,True,
93165000716,True,
93165000717,True,
93175000687,True,
93175000688,True,
93175000689,True,
93175000690,True,
93175000691,True,
93175000692,True,
93175000693,True,
93175000694,True,
93175000695,True,
93175000696,True,
93175000697,True,
93175000698,True,
93175000699,True,
93175000700,True,
93175000701,True,
93175000702,True,
93175000703,True,
93175000704,True,
93175000705,True,
93175000706,True,
93175000707,True,
93175000708,True,
93175000709,True,
93175000710,True,
93175000711,True,
93175000712,True,
93175000713,True,
93175000714,True,
93175000715,True,
93175000716,True,
93175000717,True,
93185000687,True,
93185000688,True,
93185000689,True,
93185000690,True,
93185000691,True,
93185000692,True,
93185000693,True,
93185000694,True,
93185000695,True,
93185000696,True,
93185000697,True,
93185000698,True,
93185000699,True,
93185000700,True,
93185000701,True,
93185000702,True,
93185000703,True,
93185000704,True,
93185000705,True,
93185000706,True,
93185000707,True,
93185000708,True,
93185000709,True,
93185000710,True,
93185000711,True,
93185000712,True,
93185000713,True,
93185000714,True,
93185000715,True,
93185000716,True,
93185000717,True,
93195000687,True,
93195000688,True,
93195000689,True,
93195000690,False,"ndvi2012,ndbi2012,ndvi_raw2012,ndbi_raw2012"
93195000691,True,
93195000692,True,
93195000693,True,
93195000694,False,"ndvi2009,ndbi2009,ndvi_raw2009,ndbi_raw2009"
93195000695,False,"ndvi2009,ndbi2009,ndvi_raw2009,ndbi_raw2009"
93195000696,False,"ndvi2009,ndbi2009,ndvi_raw2009,ndbi_raw2009"
93195000697,True,
93195000698,True,
93195000699,True,
93195000700,True,
93195000701,True,
93195000702,True,
93195000703,True,
93195000704,True,
93195000705,True,
93195000706,True,
93195000707,True,
93195000708,True,
93195000709,True,
93195000710,True,
93195000711,True,
93195000712,True,
93195000713,True,
93195000714,True,
93195000715,True,
93195000716,True,
93195000717,True,
93205000687,True,
93205000688,True,
93205000689,True,
93205000690,True,
93205000691,True,
93205000692,True,
93205000693,True,
93205000694,True,
93205000695,False,"ndvi2009,ndbi2009,ndvi_raw2009,ndbi_raw2009"
93205000696,False,"ndvi2009,ndbi2009,ndvi_raw2009,ndbi_raw2009"
93205000697,True,
93205000698,True,
93205000699,True,
93205000700,True,
93205000701,True,
93205000702,True,
93205000703,True,
93205000704,True,
93205000705,True,
93205000706,True,
93205000707,False,"ndvi2009,ndbi2009,ndvi_raw2009,ndbi_raw2009"
93205000708,True,
93205000709,True,
93205000710,True,
93205000711,True,
93205000712,True,
93205000713,True,
93205000714,True,
93205000715,True,
93205000716,True,
93205000717,True,
93215000687,True,
93215000688,True,
93215000689,True,
93215000690,True,
93215000691,True,
93215000692,True,
93215000693,True,
93215000694,False,"ndvi2009,ndbi2009,ndvi_raw2009,ndbi_raw2009"
93215000695,True,
93215000696,False,"ndvi2009,ndbi2009,ndvi_raw2009,ndbi_raw2009"
93215000697,True,
93215000698,True,
93215000699,True,
93215000700,True,
93215000701,True,
93215000702,True,
93215000703,True,
93215000704,True,
93215000705,True,
93215000706,True,
93215000707,True,
93215000708,True,
93215000709,True,
93215000710,True,
93215000711,True,
93215000712,True,
93215000713,True,
93215000714,True,
93215000715,True,
93215000716,True,
93215000717,True,
93225000687,True,
93225000688,True,
93225000689,True,
93225000690,True,
93225000691,True,
93225000692,True,
93225000693,True,
93225000694,True,
93225000695,True,
93225000696,True,
93225000697,True,
93225000698,True,
93225000699,True,
93225000700,True,
93225000701,True,
93225000702,True,
93225000703,True,
93225000704,True,
93225000705,True,
93225000706,True,
93225000707,True,
93225000708,True,
93225000709,True,
93225000710,True,
93225000711,True,
93225000712,True,
93225000713,True,
93225000714,True,
93225000715,True,
93225000716,True,
93225000717,True,
93235000687,True,
93235000688,True,
93235000689,True,
93235000690,True,
93235000691,True,
93235000692,True,
93235000693,True,
93235000694,True,
93235000695,True,
93235000696,True,
93235000697,True,
93235000698,True,
93235000699,True,
93235000701,True,
93235000705,True,
93235000706,True,
93235000707,True,
93235000708,True,
93235000709,True,
93235000710,True,
93235000711,True,
93235000712,True,
93235000713,True,
93235000714,True,
93235000715,True,
93235000716,True,
93235000717,True,
93245000688,True,
93245000689,True,
93245000690,True,
93245000691,True,
93245000692,True,
93245000693,True,
93245000694,True,
93245000695,True,
93245000698,True,
93245000699,True,
93245000707,True,
93245000708,True,
93245000709,True,
93245000710,True,
93245000711,True,
93245000712,True,
93245000713,True,
93245000714,True,
93245000715,True,
93245000716,True,
93245000717,True,
93255000687,True,
93255000688,True,
93255000689,True,
93255000690,True,
93255000691,True,
93255000709,True,
93255000710,True,
93255000713,True,
93255000714,True,
93255000715,True,
93255000716,True,
93255000717,True,
93265000692,False,"lst_2009,lst_2012,lst_2015,lst_2018,lst_2021,lst_2024,kmeans_cluster"
93265000693,False,"lst_2009,lst_2012,lst_2015,lst_2018,lst_2021,lst_2024,kmeans_cluster"
93265000710,False,"lst_2009,lst_2012,lst_2015,lst_2018,lst_2021,lst_2024,kmeans_cluster"
93265000711,False,"lst_2009,lst_2012,lst_2015,lst_2018,lst_2021,lst_2024,kmeans_cluster"
93275000693,False,"lst_2009,lst_2012,lst_2015,lst_2018,lst_2021,lst_2024,kmeans_cluster"
