ConfigKey,feature,importance
M1_LagLST,lst_2009,0.06252011218059005
M1_LagLST,lst_2012,0.24715536406523217
M1_LagLST,lst_2015,0.0995611683877626
M1_LagLST,lst_2018,0.21161661198879872
M1_LagLST,lst_2021,0.3791467433776165
M2_LagLST_byCluster,lst_2009,0.07852253217634075
M2_LagLST_byCluster,lst_2012,0.24240136651318794
M2_LagLST_byCluster,lst_2015,0.14405900149683723
M2_LagLST_byCluster,lst_2018,0.24277937049183407
M2_LagLST_byCluster,lst_2021,0.2922377293218
M3_LagAll,lst_2009,0.10803688712953606
M3_LagAll,lst_2012,0.19977660802296626
M3_LagAll,lst_2015,0.12844452944067739
M3_LagAll,lst_2018,0.1502189345862147
M3_LagAll,lst_2021,0.23545259870800753
M3_LagAll,ndvi2009,0.0074989101996401075
M3_LagAll,ndvi2012,0.006438231158330053
M3_LagAll,ndvi2015,0.006079485608563911
M3_LagAll,ndvi2018,0.0080216143947939
M3_LagAll,ndvi2021,0.00858119204528062
M3_LagAll,ndvi2024,0.009088182621816253
M3_LagAll,ndbi2009,0.009099442873404272
M3_LagAll,ndbi2012,0.01564946030994542
M3_LagAll,ndbi2015,0.014973272184371503
M3_LagAll,ndbi2018,0.02662243085020423
M3_LagAll,ndbi2021,0.027841227339725032
M3_LagAll,ndbi2024,0.038176992526522686
M4_LagAll_byCluster,lst_2009,0.11503498100340727
M4_LagAll_byCluster,lst_2012,0.2035047986658167
M4_LagAll_byCluster,lst_2015,0.14860714902910463
M4_LagAll_byCluster,lst_2018,0.15335860347529676
M4_LagAll_byCluster,lst_2021,0.18317203155984596
M4_LagAll_byCluster,ndvi2009,0.013028197092241038
M4_LagAll_byCluster,ndvi2012,0.009427692136681624
M4_LagAll_byCluster,ndvi2015,0.007985790958418056
M4_LagAll_byCluster,ndvi2018,0.008378916238757106
M4_LagAll_byCluster,ndvi2021,0.007600497107210654
M4_LagAll_byCluster,ndvi2024,0.008234647290845344
M4_LagAll_byCluster,ndbi2009,0.017465519372631164
M4_LagAll_byCluster,ndbi2012,0.024836660232475872
M4_LagAll_byCluster,ndbi2015,0.017692237784027048
M4_LagAll_byCluster,ndbi2018,0.025607906748581374
M4_LagAll_byCluster,ndbi2021,0.02179043844228094
M4_LagAll_byCluster,ndbi2024,0.034273932862378446
