grid_id,kmeans_cluster,shap_LST,baseline,prediction
92955000708,4,-0.5763292689665889,35.176371696378126,34.60004242741154
92965000698,4,-1.4570027598393835,35.176371696378126,33.71936893653874
92965000707,4,0.1340969435973136,35.176371696378126,35.31046863997544
92965000710,3,-1.8821538980232901,35.176371696378126,33.294217798354836
92975000702,4,-1.2714638547930477,35.176371696378126,33.90490784158508
92975000707,4,0.23120290291971202,35.176371696378126,35.40757459929784
92975000711,4,-1.5431130315649781,35.176371696378126,33.63325866481314
92985000707,4,0.4388520820121826,35.176371696378126,35.61522377839031
92985000708,4,0.18411892604174085,35.176371696378126,35.360490622419874
92995000700,4,-0.4103283743495183,35.176371696378126,34.76604332202861
92995000704,2,0.1346152612238214,35.176371696378126,35.31098695760195
92995000705,4,0.195870518755207,35.176371696378126,35.37224221513333
92995000706,4,0.46455359879298186,35.176371696378126,35.64092529517111
92995000711,4,-1.3943903939207374,35.176371696378126,33.78198130245739
93005000707,4,0.644719367482324,35.176371696378126,35.82109106386046
93025000701,4,-0.9309435617305297,35.176371696378126,34.2454281346476
93025000703,4,-0.2915771173497248,35.176371696378126,34.8847945790284
93035000696,2,-0.5126262431893238,35.176371696378126,34.6637454531888
93035000700,2,-0.4747594441956835,35.176371696378126,34.70161225218244
93035000702,4,-0.561456514910688,35.176371696378126,34.61491518146744
93035000707,4,0.6454062455101024,35.176371696378126,35.82177794188823
93035000709,4,-0.05431315251072277,35.176371696378126,35.122058543867404
93035000710,4,-0.0848393386230697,35.176371696378126,35.09153235775506
93045000696,2,-0.4491229585110119,35.176371696378126,34.727248737867114
93045000699,2,-0.4195112369867928,35.176371696378126,34.75686045939133
93055000703,2,0.304804386405948,35.176371696378126,35.481176082784074
93055000704,2,0.4384362576209142,35.176371696378126,35.61480795399903
93055000705,3,0.5183853176981401,35.176371696378126,35.694757014076266
93065000695,2,-0.07553927721063047,35.176371696378126,35.100832419167496
93065000697,2,-0.05363491099227957,35.176371696378126,35.12273678538585
93065000699,2,-0.0647022951389502,35.176371696378126,35.11166940123917
93065000705,2,0.38458566016365836,35.176371696378126,35.560957356541785
93065000706,2,0.6616272543458237,35.176371696378126,35.83799895072395
93075000697,2,0.2818776297825707,35.176371696378126,35.45824932616069
93075000700,2,-0.37256432134596196,35.176371696378126,34.803807375032164
93085000696,2,0.16294200794321512,35.176371696378126,35.33931370432134
93085000697,2,0.25516824799271376,35.176371696378126,35.43153994437083
93085000706,2,0.09860375169099456,35.176371696378126,35.27497544806912
93085000714,4,0.33266827460537485,35.176371696378126,35.509039970983494
93095000694,2,0.40268698205810693,35.176371696378126,35.57905867843623
93095000696,2,0.29000463827915723,35.176371696378126,35.466376334657284
93095000707,2,0.4424288670202614,35.176371696378126,35.61880056339839
93095000714,4,0.4262572189501057,35.176371696378126,35.602628915328225
93105000696,2,0.6128514997641119,35.176371696378126,35.78922319614224
93105000699,2,-0.5531920747120154,35.176371696378126,34.62317962166611
93105000701,2,-0.6032631582129184,35.176371696378126,34.57310853816521
93105000703,2,-0.335265096771316,35.176371696378126,34.84110659960681
93105000704,2,0.024529677662499694,35.176371696378126,35.200901374040626
93115000694,2,0.19656774401731525,35.176371696378126,35.37293944039544
93125000690,2,-0.14148239020795472,35.176371696378126,35.03488930617017
93125000691,2,-0.214626321946497,35.176371696378126,34.961745374431636
93125000696,2,0.49497336526231805,35.176371696378126,35.671345061640444
93125000707,3,0.8241949472319448,35.176371696378126,36.00056664361007
93125000714,1,0.9357254806362363,35.176371696378126,36.11209717701437
93125000715,1,0.610649550312246,35.176371696378126,35.78702124669038
93135000701,3,-0.7445741176864829,35.176371696378126,34.43179757869166
93135000707,3,0.6813282599280157,35.176371696378126,35.85769995630614
93145000694,3,-0.15546358264081306,35.176371696378126,35.020908113737306
93145000702,3,-0.797942068437564,35.176371696378126,34.37842962794056
93145000709,3,0.6300454928656549,35.176371696378126,35.80641718924379
93155000693,3,-0.2112454812874347,35.176371696378126,34.96512621509069
93155000695,3,-0.2217837088150958,35.176371696378126,34.95458798756303
93155000701,3,-0.12884785108035146,35.176371696378126,35.047523845297775
93155000704,3,0.18015395283702418,35.176371696378126,35.35652564921516
93155000710,3,0.3618465879352115,35.176371696378126,35.53821828431334
93155000712,4,0.9287258708599779,35.176371696378126,36.105097567238104
93155000715,1,0.4969736104709668,35.176371696378126,35.67334530684909
93165000692,3,-0.3526887963338652,35.176371696378126,34.82368290004427
93165000693,4,-0.3577017230139532,35.176371696378126,34.81866997336417
93165000699,3,0.5674280209318567,35.176371696378126,35.743799717309976
93165000701,3,-0.4299139981981668,35.176371696378126,34.74645769817996
93165000702,3,-0.7174239796901176,35.176371696378126,34.45894771668801
93165000705,3,0.7010726478280063,35.176371696378126,35.87744434420613
93165000709,3,0.04293097282666736,35.176371696378126,35.219302669204794
93165000715,1,0.47457821705013714,35.176371696378126,35.65094991342826
93165000716,1,0.2538614257714613,35.176371696378126,35.43023312214959
93175000697,3,0.16857017973946142,35.176371696378126,35.344941876117595
93175000698,3,0.14230732984232475,35.176371696378126,35.31867902622045
93175000700,3,0.31630535568915974,35.176371696378126,35.492677052067286
93175000709,1,-0.28305818042853303,35.176371696378126,34.8933135159496
93175000716,1,0.05092926389853858,35.176371696378126,35.227300960276665
93185000693,3,-0.02502795418426018,35.176371696378126,35.15134374219386
93185000697,3,0.05568467935540866,35.176371696378126,35.232056375733535
93185000699,3,0.5314167163894652,35.176371696378126,35.7077884127676
93185000700,3,0.6326319287155897,35.176371696378126,35.809003625093716
93185000712,1,0.18364457538638845,35.176371696378126,35.360016271764515
93195000691,3,0.19775546698091517,35.176371696378126,35.37412716335904
93195000698,3,0.23176782199369939,35.176371696378126,35.408139518371826
93195000699,3,0.3792946615602233,35.176371696378126,35.55566635793835
93195000711,4,-0.2527297287853827,35.176371696378126,34.923641967592744
93195000714,1,0.8040393658168696,35.176371696378126,35.980411062194996
93195000715,1,0.13649862443416083,35.176371696378126,35.31287032081229
93205000688,4,0.06419094591995389,35.176371696378126,35.24056264229808
93205000694,3,0.09428648583937616,35.176371696378126,35.27065818221749
93205000697,3,-0.43983967047924466,35.176371696378126,34.73653202589888
93205000700,3,0.3799172980346839,35.176371696378126,35.55628899441281
93205000708,1,-0.031303062553561745,35.176371696378126,35.145068633824565
93215000691,3,-0.10195934743138935,35.176371696378126,35.07441234894674
93215000702,1,-1.0206204200934579,35.176371696378126,34.15575127628467
93215000705,1,-0.8438391493388551,35.176371696378126,34.33253254703927
93215000713,1,0.5137174351125182,35.176371696378126,35.690089131490645
93215000717,1,-3.1376713503115568,35.176371696378126,32.03870034606656
93225000687,1,-1.091865209804169,35.176371696378126,34.08450648657396
93225000699,3,-1.2137029000674744,35.176371696378126,33.96266879631065
93225000701,3,-1.337045761736121,35.176371696378126,33.839325934642005
93225000702,3,-1.8709857626557778,35.176371696378126,33.30538593372235
93225000706,1,-1.7145346555125727,35.176371696378126,33.461837040865554
93225000713,1,0.4834810012645292,35.176371696378126,35.65985269764265
93225000715,1,-1.1140676571144752,35.176371696378126,34.06230403926365
93225000716,1,-2.118780300225133,35.176371696378126,33.057591396153
93225000717,1,-2.60378544762726,35.176371696378126,32.572586248750866
93235000688,4,-1.0762298261993877,35.176371696378126,34.100141870178746
93235000696,3,-2.422255046895934,35.176371696378126,32.75411664948219
93235000705,3,-3.1500095353378725,35.176371696378126,32.026362161040254
93235000708,1,-0.35943775779600884,35.176371696378126,34.81693393858212
93235000710,1,-0.1251685937612521,35.176371696378126,35.051203102616874
93235000712,1,0.455324923303273,35.176371696378126,35.631696619681406
93245000690,4,-0.5442824487426989,35.176371696378126,34.63208924763543
93245000694,3,-3.6804912445128615,35.176371696378126,31.49588045186526
93245000698,3,-3.211288004689287,35.176371696378126,31.96508369168884
93245000710,4,-1.2205028123139385,35.176371696378126,33.95586888406419
93245000713,4,-0.4529000384962387,35.176371696378126,34.72347165788189
93245000714,4,-0.44694602457502697,35.176371696378126,34.7294256718031
93255000687,4,0.11701421232962161,35.176371696378126,35.29338590870775
93255000710,4,-1.8979667916180034,35.176371696378126,33.27840490476013
93255000716,1,-2.7456500903533723,35.176371696378126,32.43072160602476
