grid_id,lst_2024,kmeans_cluster,predicted,residual,abs_error,split
92955000708,34.535053221288535,4,34.60004242741154,-0.06498920612300196,0.06498920612300196,test
92955000709,33.31351562500002,3,33.501084927556654,-0.18756930255663207,0.18756930255663207,train
92965000698,33.46138392857147,4,33.71936893653874,-0.257985007967271,0.257985007967271,test
92965000699,33.51045938375353,4,33.54149080344173,-0.031031419688204664,0.031031419688204664,train
92965000707,35.51709243697482,4,35.31046863997545,0.2066237969993736,0.2066237969993736,test
92965000708,35.044776785714305,4,35.05982348747136,-0.01504670175705769,0.01504670175705769,train
92965000709,33.68913725490201,4,33.902645054071044,-0.21350779916903662,0.21350779916903662,train
92965000710,32.82625000000003,3,33.294217798354836,-0.46796779835480606,0.46796779835480606,test
92965000711,33.037854341736704,3,33.15354775993915,-0.11569341820244716,0.11569341820244716,train
92975000698,33.70647321428576,3,33.84592258710553,-0.13944937281976877,0.13944937281976877,train
92975000699,33.98925223214289,4,33.956876482142896,0.03237574999999282,0.03237574999999282,train
92975000700,34.243437500000006,4,34.19107234858032,0.052365151419685674,0.052365151419685674,train
92975000701,34.14505882352944,4,34.15158889094364,-0.0065300674142037,0.0065300674142037,train
92975000702,33.71859375000002,4,33.90490784158508,-0.18631409158506074,0.18631409158506074,test
92975000706,35.40643697478996,4,35.4006469847732,0.005789990016758395,0.005789990016758395,train
92975000707,35.56694196428573,4,35.40757459929784,0.15936736498789372,0.15936736498789372,test
92975000708,35.29922384701915,4,35.328105800039026,-0.028881953019876505,0.028881953019876505,train
92975000709,34.32151785714289,4,34.44568809350347,-0.12417023636058389,0.12417023636058389,train
92975000710,33.611759103641475,4,33.76939566379131,-0.1576365601498324,0.1576365601498324,train
92975000711,33.62289062500003,4,33.63325866481315,-0.01036803981311607,0.01036803981311607,test
92985000699,34.77526785714288,4,34.74375636677785,0.03151149036502687,0.03151149036502687,train
92985000700,34.64757812500001,4,34.58887509877786,0.058703026222147514,0.058703026222147514,train
92985000701,34.44829241071431,4,34.49508941612484,-0.04679700541053222,0.04679700541053222,train
92985000702,34.500825892857165,4,34.49662931772854,0.004196575128624147,0.004196575128624147,train
92985000705,35.38282913165269,4,35.39542448843444,-0.012595356781751832,0.012595356781751832,train
92985000706,35.48797991071432,4,35.470462660146985,0.017517250567337328,0.017517250567337328,train
92985000707,35.62198879551822,4,35.61522377839031,0.0067650171279112215,0.0067650171279112215,test
92985000708,35.44781250000001,4,35.36049062241987,0.08732187758014476,0.08732187758014476,test
92985000709,34.68727678571431,4,34.71426543552312,-0.026988649808806997,0.026988649808806997,train
92985000710,34.166674107142875,4,34.17962664520615,-0.012952538063274233,0.012952538063274233,train
92985000711,34.04813616071433,4,34.00102824134018,0.04710791937414882,0.04710791937414882,train
92995000699,34.88498039215689,4,34.87604502321448,0.008935368942410093,0.008935368942410093,train
92995000700,34.84009523809526,4,34.76604332202861,0.07405191606665085,0.07405191606665085,test
92995000701,34.93948660714289,4,34.89943294230661,0.04005366483627881,0.04005366483627881,train
92995000702,35.17281232493,4,35.173068016816345,-0.0002556918863447777,0.0002556918863447777,train
92995000703,35.17924107142859,4,35.180461067751104,-0.001219996322511463,0.001219996322511463,train
92995000704,35.176704161979785,2,35.31098695760195,-0.1342827956221626,0.1342827956221626,test
92995000705,35.463828125000035,4,35.37224221513333,0.09158590986670134,0.09158590986670134,test
92995000706,35.698168067226945,4,35.640925295171115,0.057242772055829505,0.057242772055829505,test
92995000707,35.74944196428574,4,35.75827111992528,-0.008829155639546116,0.008829155639546116,train
92995000708,35.48998883928575,4,35.474384265363845,0.015604573921905285,0.015604573921905285,train
92995000709,34.618549019607876,4,34.630897061210156,-0.012348041602280091,0.012348041602280091,train
92995000710,34.28125000000004,4,34.20424706149363,0.0770029385064106,0.0770029385064106,train
92995000711,33.80179831932776,4,33.78198130245739,0.01981701687036974,0.01981701687036974,test
93005000700,34.8762723214286,4,34.871213263505204,0.005059057923396892,0.005059057923396892,train
93005000701,34.92317647058827,4,34.89686831088921,0.026308159699055977,0.026308159699055977,train
93005000702,35.149029017857174,4,35.120425271721246,0.02860374613592853,0.02860374613592853,train
93005000703,35.33807843137259,4,35.2428002154124,0.09527821596018526,0.09527821596018526,train
93005000704,35.25000000000005,4,35.272711977255994,-0.02271197725594476,0.02271197725594476,train
93005000705,35.48056919642859,4,35.446638207615,0.03393098881358725,0.03393098881358725,train
93005000706,35.76356862745101,4,35.73300414346995,0.03056448398105971,0.03056448398105971,train
93005000707,35.81636160714287,4,35.82109106386046,-0.0047294567175839575,0.0047294567175839575,test
93005000708,35.423378151260536,4,35.448512486432165,-0.025134335171628663,0.025134335171628663,train
93005000709,34.8963392857143,4,34.97903568148496,-0.08269639577066101,0.08269639577066101,train
93005000710,34.55343977591041,4,34.52336647570952,0.03007330020088972,0.03007330020088972,train
93005000711,33.81969187675073,4,33.91276140255656,-0.09306952580583072,0.09306952580583072,train
93015000700,34.742980877390345,4,34.73837191043771,0.004608966952631022,0.004608966952631022,train
93015000701,34.47631932773115,4,34.50260590404739,-0.026286576316245203,0.026286576316245203,train
93015000702,34.695445378151305,4,34.71554006112319,-0.020094682971887323,0.020094682971887323,train
93015000703,35.05072544642861,4,35.05214543691392,-0.001419990485310052,0.001419990485310052,train
93015000704,35.02970982142863,4,35.06139582574705,-0.031686004318416394,0.031686004318416394,train
93015000705,35.27877310924372,4,35.27208794400236,0.006685165241364643,0.006685165241364643,train
93015000706,35.56011160714289,4,35.515445508521076,0.044666098621817696,0.044666098621817696,train
93015000707,35.78781250000003,4,35.738365158856354,0.04944734114367577,0.04944734114367577,train
93015000708,35.61122767857146,4,35.588466669952766,0.022761008618694234,0.022761008618694234,train
93015000709,35.172745535714306,4,35.19957074670376,-0.02682521098945756,0.02682521098945756,train
93015000710,34.757226890756336,4,34.721379368226096,0.03584752253023993,0.03584752253023993,train
93015000711,34.19218750000003,4,34.18448030730566,0.007707192694368814,0.007707192694368814,train
93015000712,33.96718487394961,4,34.026407949193405,-0.05922307524379278,0.05922307524379278,train
93025000696,34.46924107142862,2,34.46489135634256,0.004349715086057415,0.004349715086057415,train
93025000697,34.597854341736756,2,34.57768971086359,0.02016463087316822,0.02016463087316822,train
93025000698,34.87376116071433,2,34.83274584524235,0.041015315471980784,0.041015315471980784,train
93025000699,35.04570312500002,4,34.99603077130544,0.04967235369457512,0.04967235369457512,train
93025000700,34.57872767857145,4,34.61224020936751,-0.03351253079606664,0.03351253079606664,train
93025000701,34.163370535714336,4,34.2454281346476,-0.08205759893326103,0.08205759893326103,test
93025000702,34.51873949579834,4,34.567086331858334,-0.04834683605999146,0.04834683605999146,train
93025000703,34.906886160714315,4,34.8847945790284,0.022091581685913297,0.022091581685913297,test
93025000704,35.034268907563074,4,35.030670258475986,0.0035986490870882903,0.0035986490870882903,train
93025000705,35.1637723214286,4,35.07530199845695,0.08847032297165214,0.08847032297165214,train
93025000706,35.55005602240901,4,35.462451694735044,0.08760432767396509,0.08760432767396509,train
93025000707,35.812991596638675,4,35.741532851038265,0.07145874560040966,0.07145874560040966,train
93025000708,35.66436383928576,4,35.645662394823866,0.0187014444618967,0.0187014444618967,train
93025000709,35.159165266106484,4,35.197037012619596,-0.03787174651311176,0.03787174651311176,train
93025000710,34.67532614555258,4,34.729045692476504,-0.05371954692392222,0.05371954692392222,train
93025000711,34.5234892981583,4,34.539040765212704,-0.015551467054400803,0.015551467054400803,train
93025000712,34.67315126050424,4,34.66340007213389,0.009751188370351827,0.009751188370351827,train
93035000696,34.505663865546246,2,34.6637454531888,-0.1580815876425561,0.1580815876425561,test
93035000697,34.668571428571475,2,34.75188838157236,-0.08331695300088171,0.08331695300088171,train
93035000698,34.788984375000055,2,34.77922888780566,0.009755487194397006,0.009755487194397006,train
93035000699,34.82902521008407,2,34.815400077980314,0.013625132103754822,0.013625132103754822,train
93035000700,34.80573660714287,2,34.70161225218244,0.10412435496042605,0.10412435496042605,test
93035000701,34.57424071991004,4,34.501258497108076,0.07298222280196143,0.07298222280196143,train
93035000702,34.65627232142861,4,34.61491518146744,0.041357139961171185,0.041357139961171185,test
93035000703,34.96108258928575,4,34.89971721089386,0.0613653783918906,0.0613653783918906,train
93035000704,35.31237723214288,4,35.22339353145082,0.08898370069206152,0.08898370069206152,train
93035000705,35.39833705357144,4,35.24846942566763,0.14986762790380936,0.14986762790380936,train
93035000706,35.763299719887996,3,35.63439258732282,0.12890713256517472,0.12890713256517472,train
93035000707,36.0079910714286,4,35.82177794188822,0.18621312954037705,0.18621312954037705,test
93035000708,35.55729294052256,2,35.537305171435825,0.0199877690867325,0.0199877690867325,train
93035000709,35.15017857142861,4,35.122058543867404,0.028120027561207905,0.028120027561207905,test
93035000710,34.823046594982124,4,35.09153235775506,-0.2684857627729329,0.2684857627729329,test
93045000695,34.779118303571444,2,34.83237688145331,-0.053258577881862834,0.053258577881862834,train
93045000696,34.608352941176484,2,34.727248737867114,-0.1188957966906301,0.1188957966906301,test
93045000697,34.4596428571429,2,34.54737118022492,-0.08772832308201828,0.08772832308201828,train
93045000698,34.57327170868352,2,34.63738883338281,-0.06411712469928688,0.06411712469928688,train
93045000699,34.74246651785715,2,34.75686045939133,-0.014393941534180499,0.014393941534180499,test
93045000700,34.82299719887956,2,34.804656084232285,0.018341114647277834,0.018341114647277834,train
93045000701,34.82468750000003,4,34.83766697141224,-0.012979471412208454,0.012979471412208454,train
93045000702,34.95234173669471,4,34.92537372015781,0.02696801653690528,0.02696801653690528,train
93045000703,35.270446428571454,4,35.18162413790442,0.08882229066703218,0.08882229066703218,train
93045000704,35.65453125000002,4,35.434627125426935,0.21990412457308395,0.21990412457308395,train
93045000705,35.790997198879595,4,35.606702414522,0.18429478435759705,0.18429478435759705,train
93045000706,36.08941964285718,3,35.895558854314785,0.19386078854239486,0.19386078854239486,train
93045000707,36.00193695983735,2,35.93010372228434,0.07183323755300819,0.07183323755300819,train
93045000708,35.267312095569984,2,35.296575773648144,-0.029263678078159217,0.029263678078159217,train
93045000709,34.940904017857186,3,35.002673135802574,-0.06176911794538853,0.06176911794538853,train
93045000710,34.94625770308127,3,35.06328021766944,-0.11702251458816448,0.11702251458816448,train
93055000695,34.95916294642861,2,35.028519022849025,-0.0693560764204122,0.0693560764204122,train
93055000696,34.72959821428576,2,34.84489159302769,-0.11529337874193146,0.11529337874193146,train
93055000697,34.387997750281265,2,34.57306219032432,-0.18506444004305678,0.18506444004305678,train
93055000698,34.47419642857147,2,34.56792743509601,-0.09373100652454269,0.09373100652454269,train
93055000699,34.80108123249301,2,34.83406007285522,-0.03297884036221177,0.03297884036221177,train
93055000700,34.93071428571431,2,34.88644400984156,0.04427027587274779,0.04427027587274779,train
93055000701,34.907979910714296,2,34.884919228709094,0.023060682005201727,0.023060682005201727,train
93055000702,35.17915406162466,2,35.13043675328971,0.04871730833495036,0.04871730833495036,train
93055000703,35.57767857142859,2,35.481176082784074,0.09650248864451783,0.09650248864451783,test
93055000704,35.750436974789935,2,35.61480795399903,0.13562902079090122,0.13562902079090122,test
93055000705,35.868664596273334,3,35.694757014076266,0.17390758219706726,0.17390758219706726,test
93055000706,36.16193452380954,2,36.03809810525382,0.12383641855571881,0.12383641855571881,train
93055000707,35.970394088669984,2,35.93202190722037,0.03837218144961696,0.03837218144961696,train
93055000708,35.3517591036415,2,35.35774200665356,-0.005982903012061058,0.005982903012061058,train
93055000709,34.67887394957988,3,34.785586252578426,-0.10671230299854528,0.10671230299854528,train
93055000710,34.40762276785718,3,34.53391838867808,-0.12629562082090473,0.12629562082090473,train
93065000694,35.546974789915986,2,35.41563916158597,0.13133562833001378,0.13133562833001378,train
93065000695,35.23828125000004,2,35.100832419167496,0.13744883083254678,0.13744883083254678,test
93065000696,34.824843750000035,2,34.98785404047508,-0.163010290475043,0.163010290475043,train
93065000697,34.63830357142861,2,35.12273678538585,-0.4844332139572387,0.4844332139572387,test
93065000698,34.66029017857145,2,34.6669714553002,-0.006681276728748742,0.006681276728748742,train
93065000699,34.94611204481794,2,35.111669401239176,-0.16555735642123892,0.16555735642123892,test
93065000700,35.02254464285717,2,34.97775907739569,0.04478556546148127,0.04478556546148127,train
93065000701,34.86752380952384,2,34.840247767421026,0.027276042102812426,0.027276042102812426,train
93065000702,35.201886160714324,3,35.19591198606954,0.005974174644784114,0.005974174644784114,train
93065000703,35.644539682539694,2,35.6419541829544,0.00258549958529386,0.00258549958529386,train
93065000705,35.48088282504015,2,35.560957356541785,-0.08007453150163713,0.08007453150163713,test
93065000706,35.75660714285716,2,35.83799895072395,-0.08139180786678679,0.08139180786678679,test
93065000707,35.99616246498603,2,35.951105538208324,0.04505692677770412,0.04505692677770412,train
93065000708,35.746549019607876,2,35.75232044889562,-0.005771429287740659,0.005771429287740659,train
93065000709,34.915401785714316,3,35.03938123273784,-0.12397944702352248,0.12397944702352248,train
93065000710,34.3736272321429,3,34.505819092429796,-0.13219186028689478,0.13219186028689478,train
93075000694,35.70305803571432,2,35.5598485954314,0.1432094402829236,0.1432094402829236,train
93075000695,35.3556473214286,2,35.31994627297933,0.035701048449269024,0.035701048449269024,train
93075000696,34.880095238095265,2,35.024400895584364,-0.14430565748909885,0.14430565748909885,train
93075000697,35.00715406162468,2,35.4582493261607,-0.4510952645360149,0.4510952645360149,test
93075000698,35.242395950506214,2,35.2522721268122,-0.009876176305986917,0.009876176305986917,train
93075000699,35.13574776785716,2,35.139264070644465,-0.003516302787303971,0.003516302787303971,train
93075000700,34.83245535714289,2,34.803807375032164,0.02864798211072639,0.02864798211072639,test
93075000701,34.86871106337276,2,34.88425038919717,-0.015539325824413197,0.015539325824413197,train
93075000702,35.32117063492068,2,35.36131237273933,-0.04014173781864372,0.04014173781864372,train
93075000703,35.59980638409212,2,35.61423806441136,-0.014431680319241025,0.014431680319241025,train
93075000704,35.43651785714288,2,35.510077716923995,-0.07355985978111335,0.07355985978111335,train
93075000705,35.255434173669485,2,35.292282256951204,-0.0368480832817184,0.0368480832817184,train
93075000706,35.331254901960804,2,35.35273625103532,-0.021481349074512934,0.021481349074512934,train
93075000707,35.54120535714287,2,35.613074906921796,-0.07186954977892412,0.07186954977892412,train
93075000708,35.50357142857145,2,35.53512113658264,-0.03154970801119106,0.03154970801119106,train
93075000709,34.906224089635856,3,34.965906002171934,-0.05968191253607813,0.05968191253607813,train
93075000710,34.6525210084034,3,34.77861754373073,-0.1260965353273349,0.1260965353273349,train
93085000694,35.544285714285735,2,35.511540903642874,0.0327448106428605,0.0327448106428605,train
93085000695,35.16961904761906,2,35.18194452184572,-0.012325474226663857,0.012325474226663857,train
93085000696,34.85838169642859,2,35.33931370432134,-0.48093200789275414,0.48093200789275414,test
93085000697,35.18948459383759,2,35.43153994437083,-0.24205535053324212,0.24205535053324212,test
93085000698,35.35542410714289,2,35.37374959829281,-0.018325491149923323,0.018325491149923323,train
93085000699,34.89309705561616,2,34.99576165434051,-0.10266459872435263,0.10266459872435263,train
93085000700,34.66926587301588,2,34.69417970745806,-0.02491383444218087,0.02491383444218087,train
93085000701,34.94098504383707,2,34.95947589301711,-0.01849084918003996,0.01849084918003996,train
93085000702,35.43183035714291,2,35.457553757657344,-0.02572340051443689,0.02572340051443689,train
93085000703,35.53842577030816,2,35.54165754793897,-0.003231777630809063,0.003231777630809063,train
93085000704,35.27503081232497,2,35.274085924531036,0.0009448877939348677,0.0009448877939348677,train
93085000705,35.18267857142858,2,35.200154121545374,-0.01747555011679225,0.01747555011679225,train
93085000706,35.06321428571431,2,35.27497544806913,-0.21176116235481857,0.21176116235481857,test
93085000707,35.11356302521011,2,35.24413448580446,-0.13057146059434643,0.13057146059434643,train
93085000708,35.01284593837539,2,35.13751502061372,-0.12466908223832718,0.12466908223832718,train
93085000709,34.69861607142858,3,34.80342765279231,-0.1048115813637267,0.1048115813637267,train
93085000710,34.73303571428574,4,34.91249453286521,-0.17945881857946944,0.17945881857946944,train
93085000711,35.123938375350164,4,35.2141659495714,-0.09022757422123817,0.09022757422123817,train
93085000712,35.45184873949582,2,35.444382647125856,0.007466092369966759,0.007466092369966759,train
93085000713,35.48589285714288,3,35.53205601227963,-0.046163155136753176,0.046163155136753176,train
93085000714,35.59825892857146,4,35.509039970983494,0.08921895758796694,0.08921895758796694,test
93095000693,35.754944196428625,2,35.668388158905415,0.08655603752320928,0.08655603752320928,train
93095000694,35.37634420697416,2,35.57905867843624,-0.20271447146208033,0.20271447146208033,test
93095000695,35.03241071428574,2,35.195720589638256,-0.1633098753525175,0.1633098753525175,train
93095000696,35.03642016806725,2,35.466376334657284,-0.42995616659003133,0.42995616659003133,test
93095000697,35.12956977385553,2,35.3285364439098,-0.1989666700542685,0.1989666700542685,train
93095000698,35.072906918865115,2,35.102220137384485,-0.029313218519369855,0.029313218519369855,train
93095000699,34.70952380952384,2,34.789177633425204,-0.0796538239013671,0.0796538239013671,train
93095000700,34.5569642857143,2,34.64597266432076,-0.08900837860645794,0.08900837860645794,train
93095000701,34.82217927170871,2,34.88162132423536,-0.05944205252664858,0.05944205252664858,train
93095000702,35.05582633053224,2,35.06434470957727,-0.008518379045028723,0.008518379045028723,train
93095000703,35.02912946428576,2,35.05586508643728,-0.026735622151520033,0.026735622151520033,train
93095000704,35.04591517857147,2,35.10141407421156,-0.055498895640091916,0.055498895640091916,train
93095000705,35.275333333333364,2,35.32940850906589,-0.05407517573252818,0.05407517573252818,train
93095000706,35.28331092436977,2,35.41532354922037,-0.13201262485059573,0.13201262485059573,train
93095000707,35.352544642857175,2,35.61880056339839,-0.2662559205412123,0.2662559205412123,test
93095000708,35.29428571428575,2,35.335091230855305,-0.04080551656955578,0.04080551656955578,train
93095000709,35.07536694677873,3,35.222511640227445,-0.14714469344871617,0.14714469344871617,train
93095000710,35.14778151260508,3,35.22817461332355,-0.08039310071847439,0.08039310071847439,train
93095000711,35.367232142857176,3,35.39867414234254,-0.03144199948536652,0.03144199948536652,train
93095000712,35.396986607142885,2,35.42327417447457,-0.02628756733168558,0.02628756733168558,train
93095000713,35.32985434173672,4,35.41629847209237,-0.0864441303556518,0.0864441303556518,train
93095000714,35.46731092436978,4,35.602628915328225,-0.13531799095844832,0.13531799095844832,test
93105000693,35.8804241071429,2,35.81726573041873,0.06315837672416791,0.06315837672416791,train
93105000694,35.580859375000024,2,35.5534424818764,0.027416893123621833,0.027416893123621833,train
93105000695,35.389553571428614,2,35.48836140438345,-0.09880783295483297,0.09880783295483297,train
93105000696,35.43559482329521,2,35.78922319614224,-0.35362837284702664,0.35362837284702664,test
93105000697,35.339614035087756,2,35.48473558653317,-0.1451215514454134,0.1451215514454134,train
93105000698,34.92995535714289,2,34.98415195185939,-0.05419659471650107,0.05419659471650107,train
93105000699,34.42581473214289,2,34.62317962166611,-0.19736488952322162,0.19736488952322162,test
93105000700,34.15806524184479,2,34.31747778982098,-0.15941254797618853,0.15941254797618853,train
93105000701,34.26383928571431,2,34.57310853816521,-0.3092692524508962,0.3092692524508962,test
93105000702,34.41731026785718,2,34.43782101813477,-0.02051075027758742,0.02051075027758742,train
93105000703,34.55973669467791,2,34.84110659960681,-0.28136990492890135,0.28136990492890135,test
93105000704,34.915422969187695,2,35.200901374040626,-0.2854784048529311,0.2854784048529311,test
93105000705,35.37879464285719,2,35.43515099049232,-0.05635634763513053,0.05635634763513053,train
93105000706,35.717500000000044,2,35.797991269210215,-0.08049126921017091,0.08049126921017091,train
93105000707,35.79863865546223,3,35.8447356321642,-0.04609697670197477,0.04609697670197477,train
93105000708,35.73393277310928,3,35.781138639405796,-0.04720586629651535,0.04720586629651535,train
93105000709,35.46540178571429,3,35.64201166846446,-0.17660988275017075,0.17660988275017075,train
93105000710,35.388973214285755,3,35.5084357277224,-0.11946251343664471,0.11946251343664471,train
93105000711,35.48541736694681,2,35.575282762175306,-0.08986539522849313,0.08986539522849313,train
93105000712,35.44261624649863,2,35.469658647700506,-0.027042401201875066,0.027042401201875066,train
93105000713,35.369386160714306,2,35.47335674494415,-0.10397058422984173,0.10397058422984173,train
93105000714,35.6789955357143,2,35.69009808788867,-0.011102552174371283,0.011102552174371283,train
93115000692,35.799877232142876,2,35.673537248841114,0.12633998330176155,0.12633998330176155,train
93115000693,35.612823529411806,2,35.5323003811681,0.08052314824370654,0.08052314824370654,train
93115000694,35.36679320679325,2,35.37293944039544,-0.006146233602194684,0.006146233602194684,test
93115000695,35.341488302638176,2,35.417040444161806,-0.07555214152363021,0.07555214152363021,train
93115000696,35.52107142857148,2,35.59799306930421,-0.07692164073272778,0.07692164073272778,train
93115000697,35.27687500000003,2,35.365084523470415,-0.08820952347038258,0.08820952347038258,train
93115000698,34.633719887955216,2,34.66922327695897,-0.035503389003750385,0.035503389003750385,train
93115000699,33.96584313725494,2,34.01734581681114,-0.0515026795561937,0.0515026795561937,train
93115000700,33.716595982142884,2,33.86799902597215,-0.15140304382926928,0.15140304382926928,train
93115000701,33.84339285714288,2,33.945971032386986,-0.10257817524410484,0.10257817524410484,train
93115000702,34.08768067226894,2,34.10224003565447,-0.014559363385529878,0.014559363385529878,train
93115000703,34.49100840336137,2,34.54466496576873,-0.05365656240736172,0.05365656240736172,train
93115000704,35.0086160714286,2,35.147604489555384,-0.13898841812678597,0.13898841812678597,train
93115000705,35.51603794642862,2,35.59530994503232,-0.07927199860370138,0.07927199860370138,train
93115000706,35.82372328458947,3,35.86019997456434,-0.03647668997486875,0.03647668997486875,train
93115000707,35.83687500000002,3,35.91258994639468,-0.07571494639466181,0.07571494639466181,train
93115000708,35.77232142857147,3,35.80339695068675,-0.031075522115280307,0.031075522115280307,train
93115000709,35.68445378151263,3,35.777441492479255,-0.09298771096662506,0.09298771096662506,train
93115000710,35.7031428571429,2,35.79610519692764,-0.09296233978474078,0.09296233978474078,train
93115000711,35.87575892857147,2,35.907425157553554,-0.0316662289820826,0.0316662289820826,train
93115000712,35.75790178571431,2,35.82258487775216,-0.06468309203785338,0.06468309203785338,train
93115000713,35.80048739495801,2,35.882091073149674,-0.08160367819166225,0.08160367819166225,train
93115000714,36.19290196078433,2,36.136325211277374,0.056576749506959345,0.056576749506959345,train
93125000690,35.552162464986054,2,35.03488930617017,0.5172731588158825,0.5172731588158825,test
93125000691,35.278270089285755,2,34.96174537443163,0.3165247148541255,0.3165247148541255,test
93125000692,35.07352882205515,3,34.97376388205653,0.09976493999862157,0.09976493999862157,train
93125000693,34.84276785714289,2,34.76933440370019,0.07343345344269636,0.07343345344269636,train
93125000694,34.99191217342971,2,34.90420594088244,0.08770623254726928,0.08770623254726928,train
93125000695,35.285368303571474,2,35.28486397472708,0.0005043288443928873,0.0005043288443928873,train
93125000696,35.57393277310929,2,35.67134506164045,-0.09741228853116013,0.09741228853116013,test
93125000697,35.335277310924404,2,35.40001979834123,-0.06474248741682942,0.06474248741682942,train
93125000698,34.791160714285745,2,34.82051128318092,-0.0293505688951754,0.0293505688951754,train
93125000699,34.150156250000045,2,34.120597741700564,0.02955850829948048,0.02955850829948048,train
93125000700,33.93731652661068,2,34.015125949359096,-0.07780942274841607,0.07780942274841607,train
93125000701,33.99153501400563,3,34.05559400975165,-0.06405899574602358,0.06405899574602358,train
93125000702,34.16290178571432,3,34.202154361810805,-0.039252576096487246,0.039252576096487246,train
93125000703,34.49541294642859,3,34.55985193848093,-0.06443899205234516,0.06443899205234516,train
93125000704,35.133394957983214,3,35.17295541845924,-0.03956046047602513,0.03956046047602513,train
93125000705,35.56412885154065,3,35.68272977910215,-0.11860092756149498,0.11860092756149498,train
93125000706,35.74262276785717,3,35.81398236415641,-0.0713595962992386,0.0713595962992386,train
93125000707,35.855625,3,36.00056664361007,-0.14494164361006767,0.14494164361006767,test
93125000708,36.05938132733412,3,35.999080022393784,0.060301304940338696,0.060301304940338696,train
93125000709,36.02617187500002,4,36.02475031497677,0.0014215600232461156,0.0014215600232461156,train
93125000710,36.07625000000003,2,36.057018872408364,0.019231127591666564,0.019231127591666564,train
93125000711,36.23097478991599,2,36.11814995903617,0.11282483087982342,0.11282483087982342,train
93125000712,36.11094117647061,2,36.0455632286251,0.0653779478455121,0.0653779478455121,train
93125000713,36.22991071428575,1,36.151654301238004,0.07825641304774678,0.07825641304774678,train
93125000714,36.44448660714289,1,36.11209717701437,0.3323894301285222,0.3323894301285222,test
93125000715,36.102044817927194,1,35.78702124669038,0.31502357123681435,0.31502357123681435,test
93125000716,35.80796078431375,3,35.66853586459684,0.13942491971690885,0.13942491971690885,train
93135000691,34.837665505226504,2,34.748190335614716,0.08947516961178792,0.08947516961178792,train
93135000692,34.70704280155645,3,34.654555634910814,0.052487166645633465,0.052487166645633465,train
93135000693,34.63873883928573,3,34.64540340939342,-0.0066645701076879504,0.0066645701076879504,train
93135000694,34.93272321428574,3,34.927089378291946,0.005633835993791081,0.005633835993791081,train
93135000695,35.304812324930005,3,35.328289774304224,-0.02347744937421936,0.02347744937421936,train
93135000696,35.61918767507007,3,35.64886045492476,-0.029672779854685416,0.029672779854685416,train
93135000697,35.71285714285718,3,35.74666934227573,-0.033812199418548516,0.033812199418548516,train
93135000698,35.44938375350144,2,35.50440110402127,-0.055017350519825925,0.055017350519825925,train
93135000699,34.94689635854345,3,35.00747481731381,-0.06057845877036527,0.06057845877036527,train
93135000700,34.62069196428576,3,34.744524310641744,-0.12383234635598228,0.12383234635598228,train
93135000701,34.24321428571432,3,34.43179757869166,-0.18858329297733434,0.18858329297733434,test
93135000702,34.11951260504206,3,34.11072584044915,0.008786764592912277,0.008786764592912277,train
93135000703,34.40507002801124,3,34.46339947810541,-0.058329450094170454,0.058329450094170454,train
93135000704,35.03046875000003,3,35.07140006098939,-0.04093131098935743,0.04093131098935743,train
93135000705,35.64814732142859,3,35.65884281635664,-0.010695494928050664,0.010695494928050664,train
93135000706,35.94344537815129,3,35.91451831707749,0.028927061073801497,0.028927061073801497,train
93135000707,35.900274509803936,3,35.85769995630615,0.04257455349778638,0.04257455349778638,test
93135000708,35.92732142857146,3,35.92140916914966,0.005912259421798183,0.005912259421798183,train
93135000709,36.00302455357143,3,36.0104669879093,-0.007442434337868065,0.007442434337868065,train
93135000710,36.05285714285717,2,36.03623840650766,0.01661873634951405,0.01661873634951405,train
93135000711,35.950481792717106,2,35.99149070768276,-0.0410089149656514,0.0410089149656514,train
93135000712,36.126808035714305,4,36.118426414739915,0.008381620974390103,0.008381620974390103,train
93135000713,36.34760224089637,1,36.238633438395496,0.10896880250087548,0.10896880250087548,train
93135000714,36.19869467787117,1,36.144207333918985,0.05448734395218224,0.05448734395218224,train
93135000715,35.94187500000001,1,35.86561110869502,0.07626389130498978,0.07626389130498978,train
93135000716,35.67573660714291,1,35.61746774764195,0.05826885950095573,0.05826885950095573,train
93135000717,35.75025770308127,1,35.65104720581437,0.09921049726689546,0.09921049726689546,train
93145000691,34.60335937500004,3,34.58820756486966,0.015151810130376475,0.015151810130376475,train
93145000692,34.74785714285718,3,34.77232935731342,-0.024472214456238817,0.024472214456238817,train
93145000693,34.869731092436986,3,34.89221630639901,-0.022485213962021078,0.022485213962021078,train
93145000694,34.95057142857144,3,35.020908113737306,-0.07033668516586289,0.07033668516586289,test
93145000695,35.19794642857147,3,35.201451771439366,-0.0035053428678963883,0.0035053428678963883,train
93145000696,35.55073660714291,3,35.50061545915941,0.05012114798349643,0.05012114798349643,train
93145000697,35.73450420168069,3,35.69333671794671,0.04116748373398593,0.04116748373398593,train
93145000698,35.70909243697483,3,35.81028302596951,-0.10119058899468314,0.10119058899468314,train
93145000699,35.45434151785715,3,35.54630259212277,-0.09196107426561895,0.09196107426561895,train
93145000700,35.21460504201684,3,35.32537209986233,-0.1107670578454858,0.1107670578454858,train
93145000701,34.723299719888,3,34.835061424520134,-0.11176170463213708,0.11176170463213708,train
93145000702,34.34217633928576,3,34.37842962794056,-0.03625328865480526,0.03625328865480526,test
93145000703,34.53785714285716,3,34.5606675885798,-0.022810445722633688,0.022810445722633688,train
93145000704,35.05487394957987,3,35.0368408152347,0.018033134345174062,0.018033134345174062,train
93145000705,35.80740056022411,3,35.738985710541996,0.06841484968211375,0.06841484968211375,train
93145000706,36.09580357142861,3,35.98353175546438,0.11227181596423463,0.11227181596423463,train
93145000707,35.733995535714314,3,35.72420410419176,0.009791431522550909,0.009791431522550909,train
93145000708,35.44549579831936,3,35.45471871942983,-0.00922292111047085,0.00922292111047085,train
93145000709,35.83289075630255,3,35.80641718924378,0.026473567058765468,0.026473567058765468,test
93145000710,35.97478794642859,3,35.97473454100106,5.340542752918509e-05,5.340542752918509e-05,train
93145000711,35.83285714285717,3,35.91688416305831,-0.08402702020114106,0.08402702020114106,train
93145000712,36.15768627450983,4,36.13330985384861,0.02437642066121981,0.02437642066121981,train
93145000713,36.2926442577031,3,36.2083738898794,0.08427036782370578,0.08427036782370578,train
93145000714,35.895669642857165,1,35.88176242087972,0.013907221977447648,0.013907221977447648,train
93145000715,35.88062184873953,1,35.780887283834005,0.09973456490552479,0.09973456490552479,train
93145000716,35.55207282913169,1,35.53751001083331,0.01456281829837991,0.01456281829837991,train
93145000717,35.34696428571432,1,35.3340851528887,0.01287913282562414,0.01287913282562414,train
93155000690,34.3271875,3,34.366265868822786,-0.03907836882278559,0.03907836882278559,train
93155000691,34.49794397759108,3,34.523611854286266,-0.025667876695187886,0.025667876695187886,train
93155000692,34.72965266106445,3,34.799103393842934,-0.06945073277848479,0.06945073277848479,train
93155000693,34.892232142857175,3,34.96512621509069,-0.07289407223351674,0.07289407223351674,test
93155000694,34.92169642857146,3,34.92464536794867,-0.0029489393772124117,0.0029489393772124117,train
93155000695,35.08632492997204,3,34.95458798756303,0.13173694240900602,0.13173694240900602,test
93155000696,35.36186554621853,3,35.24115985799701,0.12070568822151984,0.12070568822151984,train
93155000697,35.54565848214288,3,35.52055379254831,0.025104689594570573,0.025104689594570573,train
93155000698,35.62892857142859,3,35.63130316366545,-0.002374592236861872,0.002374592236861872,train
93155000699,35.780868347338945,3,35.749521014599296,0.0313473327396494,0.0313473327396494,train
93155000700,35.604733893557444,3,35.58251727244293,0.0222166211145165,0.0222166211145165,train
93155000701,35.03334821428574,3,35.047523845297775,-0.014175631012037115,0.014175631012037115,test
93155000702,34.654598214285755,3,34.661862234402314,-0.007264020116558356,0.007264020116558356,train
93155000703,34.81240719910014,3,34.771912538305656,0.04049466079448649,0.04049466079448649,train
93155000704,35.35339285714288,3,35.35652564921516,-0.0031327920722787894,0.0031327920722787894,test
93155000705,35.882801339285734,3,35.836852508415944,0.04594883086978996,0.04594883086978996,train
93155000706,35.99221848739499,3,35.921460810771215,0.07075767662377785,0.07075767662377785,train
93155000707,35.574336134453816,3,35.53787392203618,0.03646221241763925,0.03646221241763925,train
93155000708,35.38838169642862,3,35.41468850306263,-0.026306806634011082,0.026306806634011082,train
93155000709,35.616964285714324,3,35.5778249244297,0.03913936128462581,0.03913936128462581,train
93155000710,35.76052100840337,3,35.53821828431334,0.22230272409003504,0.22230272409003504,test
93155000711,36.02133893557425,3,35.98013224366619,0.0412066919080587,0.0412066919080587,train
93155000712,36.354665178571466,4,36.105097567238104,0.24956761133336158,0.24956761133336158,test
93155000713,36.07728794642859,1,36.04030595030977,0.03698199611881847,0.03698199611881847,train
93155000714,35.84894263217101,1,35.806471528819216,0.042471103351793715,0.042471103351793715,train
93155000715,35.875223214285754,1,35.67334530684909,0.20187790743666056,0.20187790743666056,test
93155000716,35.301785714285735,1,35.3512191272607,-0.049433412974963176,0.049433412974963176,train
93155000717,34.93153501400563,1,35.07896461441127,-0.14742960040563702,0.14742960040563702,train
93165000689,34.64629464285719,3,34.66220120164971,-0.015906558792515568,0.015906558792515568,train
93165000690,34.60783753501404,3,34.67345805677728,-0.06562052176323618,0.06562052176323618,train
93165000691,34.58904761904766,3,34.63168896974885,-0.042641350701188685,0.042641350701188685,train
93165000692,34.72793526785716,3,34.82368290004427,-0.09574763218710558,0.09574763218710558,test
93165000693,34.869107142857175,4,34.81866997336417,0.05043716949300148,0.05043716949300148,test
93165000694,34.99703037120362,3,35.007096510669044,-0.010066139465422452,0.010066139465422452,train
93165000695,35.175055803571475,3,35.13261725282424,0.042438550747235126,0.042438550747235126,train
93165000696,35.44049107142861,3,35.46913729748239,-0.02864622605378031,0.02864622605378031,train
93165000697,35.387478991596666,3,35.45194174968475,-0.06446275808808366,0.06446275808808366,train
93165000698,35.36427450980394,3,35.414069775755465,-0.049795265951523504,0.049795265951523504,train
93165000699,35.8282142857143,3,35.74379971730998,0.08441456840431982,0.08441456840431982,test
93165000700,35.63573660714288,3,35.54643824961052,0.08929835753236404,0.08929835753236404,train
93165000701,34.868487394958,3,34.74645769817996,0.12202969677804276,0.12202969677804276,test
93165000702,34.47533333333335,3,34.45894771668801,0.016385616645344214,0.016385616645344214,test
93165000703,34.77324776785718,3,34.72761850754154,0.045629260315635634,0.045629260315635634,train
93165000704,35.513303571428594,3,35.48074933064679,0.03255424078180624,0.03255424078180624,train
93165000705,36.03901012373456,3,35.87744434420613,0.16156577952843065,0.16156577952843065,test
93165000706,36.02013392857146,3,35.966738436507036,0.05339549206442484,0.05339549206442484,train
93165000707,35.65075892857146,3,35.602039854157006,0.048719074414457,0.048719074414457,train
93165000708,35.44398319327733,3,35.45974112889167,-0.01575793561433869,0.01575793561433869,train
93165000709,35.284745098039245,3,35.219302669204794,0.0654424288344515,0.0654424288344515,test
93165000710,35.52008928571429,3,35.477380603104265,0.04270868261002647,0.04270868261002647,train
93165000711,35.903694196428596,4,35.833888300902544,0.0698058955260521,0.0698058955260521,train
93165000712,36.11031372549023,1,36.04554446235509,0.06476926313514042,0.06476926313514042,train
93165000713,35.79975910364146,1,35.808864051829424,-0.009104948187960815,0.009104948187960815,train
93165000714,35.86063616071432,1,35.86280252283809,-0.002166362123766419,0.002166362123766419,train
93165000715,35.79531250000004,1,35.650949913428256,0.14436258657178058,0.14436258657178058,test
93165000716,35.1541394825647,1,35.43023312214959,-0.27609363958488586,0.27609363958488586,test
93165000717,34.605122767857175,1,34.7404188318721,-0.13529606401492345,0.13529606401492345,train
93175000687,35.20017857142861,4,35.167550845013224,0.03262772641538447,0.03262772641538447,train
93175000688,35.05386554621852,4,35.016480557249956,0.03738498896856157,0.03738498896856157,train
93175000689,34.92908123249303,4,34.946181142177274,-0.0170999096842408,0.0170999096842408,train
93175000690,34.80861607142862,4,34.893975114226784,-0.0853590427981672,0.0853590427981672,train
93175000691,34.74747767857147,3,34.850010587722046,-0.10253290915057534,0.10253290915057534,train
93175000692,34.84691876750702,3,34.895309140710715,-0.04839037320369499,0.04839037320369499,train
93175000693,35.058795518207305,3,35.02226345079798,0.036532067409325464,0.036532067409325464,train
93175000694,35.262276785714285,3,35.19011638854596,0.07216039716832512,0.07216039716832512,train
93175000695,35.38110491071432,3,35.33680647074517,0.04429843996915395,0.04429843996915395,train
93175000696,35.4559159663866,3,35.41758824705706,0.03832771932953705,0.03832771932953705,train
93175000697,35.20648179271711,3,35.34494187611759,-0.13846008340047433,0.13846008340047433,test
93175000698,35.20722098214289,3,35.31867902622045,-0.11145804407755833,0.11145804407755833,test
93175000699,35.66641456582635,3,35.63568967172724,0.030724894099108724,0.030724894099108724,train
93175000700,35.470280112044854,3,35.492677052067286,-0.022396940022431977,0.022396940022431977,test
93175000701,34.841439732142874,4,34.82360505407451,0.017834678068361143,0.017834678068361143,train
93175000702,34.4569642857143,4,34.45408453562988,0.002879750084417765,0.002879750084417765,train
93175000703,34.651927170868376,3,34.59262000715007,0.059307163718308686,0.059307163718308686,train
93175000704,35.356039215686295,3,35.34732401814994,0.008715197536353969,0.008715197536353969,train
93175000705,36.15879464285719,3,36.0709288872166,0.08786575564058552,0.08786575564058552,train
93175000706,36.28325892857148,3,36.19952203516591,0.08373689340556467,0.08373689340556467,train
93175000707,35.64059617547809,3,35.494577175981064,0.14601899949702357,0.14601899949702357,train
93175000708,35.282767857142886,3,35.145487757189024,0.1372800999538626,0.1372800999538626,train
93175000709,35.193772321428604,1,34.8933135159496,0.3004588054790034,0.3004588054790034,test
93175000710,35.369327731092454,4,35.36980322407508,-0.00047549298262339335,0.00047549298262339335,train
93175000711,35.5249691876751,1,35.541099624931206,-0.016130437256109076,0.016130437256109076,train
93175000712,35.5690066964286,1,35.622904274067736,-0.05389757763913394,0.05389757763913394,train
93175000713,35.620178571428596,1,35.69887366138153,-0.07869508995293728,0.07869508995293728,train
93175000714,35.78191036414571,1,35.80751496686714,-0.025604602721429615,0.025604602721429615,train
93175000715,35.6636022408964,1,35.63217067502959,0.03143156586681073,0.03143156586681073,train
93175000716,34.81848214285718,1,35.227300960276665,-0.4088188174194869,0.4088188174194869,test
93175000717,34.07489635854344,1,34.20570302278667,-0.13080666424323084,0.13080666424323084,train
93185000687,35.00478991596643,4,35.01911798204628,-0.014328066079855262,0.014328066079855262,train
93185000688,35.033204481792744,4,35.040587145213664,-0.007382663420919755,0.007382663420919755,train
93185000689,34.88428571428573,4,34.92924415194884,-0.04495843766311225,0.04495843766311225,train
93185000690,34.84265625000001,4,34.84367823624765,-0.001021986247636164,0.001021986247636164,train
93185000691,35.0208998875141,3,35.055881194508714,-0.034981306994616546,0.034981306994616546,train
93185000692,35.140647321428595,3,35.232945308240794,-0.09229798681219847,0.09229798681219847,train
93185000693,35.13400669642859,3,35.151343742193866,-0.01733704576527373,0.01733704576527373,test
93185000694,35.17515406162465,3,35.13243101098015,0.04272305064450421,0.04272305064450421,train
93185000695,35.16850980392158,3,35.1527884206011,0.01572138332048212,0.01572138332048212,train
93185000696,35.08941964285716,3,35.0902165339817,-0.0007968911245441745,0.0007968911245441745,train
93185000697,35.14154017857145,3,35.23205637573354,-0.09051619716209558,0.09051619716209558,test
93185000698,35.29888515406166,3,35.36140827704315,-0.06252312298148865,0.06252312298148865,train
93185000699,35.672420168067234,3,35.70778841276759,-0.03536824470035782,0.03536824470035782,test
93185000700,35.6964285714286,3,35.809003625093716,-0.11257505366511822,0.11257505366511822,test
93185000701,35.308756302521026,4,35.34981282138772,-0.04105651886669648,0.04105651886669648,train
93185000702,34.96471148459385,1,35.01771461091435,-0.05300312632049753,0.05300312632049753,train
93185000703,34.92609375000002,1,34.9805843864595,-0.054490636459476605,0.054490636459476605,train
93185000704,35.05757812500004,1,35.106573327399886,-0.04899520239984412,0.04899520239984412,train
93185000705,35.684857142857176,1,35.62976279715008,0.05509434570709715,0.05509434570709715,train
93185000706,36.097305322128896,1,35.98101809528732,0.11628722684157822,0.11628722684157822,train
93185000707,35.64666294642861,1,35.47249830361995,0.1741646428086625,0.1741646428086625,train
93185000708,35.2043303571429,4,35.138070010434646,0.06626034670825476,0.06626034670825476,train
93185000709,34.91602924634425,4,34.87016492516816,0.04586432117609007,0.04586432117609007,train
93185000710,34.80795758928576,4,34.89150907987794,-0.08355149059217837,0.08355149059217837,train
93185000711,34.884821428571456,4,34.97069488043759,-0.08587345186613504,0.08587345186613504,train
93185000712,35.028577030812336,1,35.360016271764515,-0.3314392409521787,0.3314392409521787,test
93185000713,35.49554621848741,1,35.54154178270401,-0.04599556421659656,0.04599556421659656,train
93185000714,35.887187500000024,1,35.815148653248016,0.07203884675200811,0.07203884675200811,train
93185000715,35.73719866071433,1,35.652959914870344,0.08423874584398305,0.08423874584398305,train
93185000716,34.79453276047265,1,34.92810198788077,-0.13356922740812394,0.13356922740812394,train
93185000717,33.92620706819315,1,33.992438667064256,-0.06623159887110575,0.06623159887110575,train
93195000687,35.01502232142862,4,35.0055030828956,0.009519238533016505,0.009519238533016505,train
93195000688,34.94122767857145,4,35.011084327042084,-0.06985664847063333,0.06985664847063333,train
93195000689,34.815333333333356,4,34.797424516559474,0.017908816773882563,0.017908816773882563,train
93195000691,35.302165178571464,3,35.37412716335904,-0.07196198478757765,0.07196198478757765,test
93195000692,35.59921875000003,3,35.674142026796645,-0.0749232767966177,0.0749232767966177,train
93195000693,35.49307086614176,3,35.553899002989866,-0.06082813684810873,0.06082813684810873,train
93195000697,35.134571428571455,3,35.18777657173674,-0.05320514316528602,0.05320514316528602,train
93195000698,35.31145089285717,3,35.408139518371826,-0.09668862551465907,0.09668862551465907,test
93195000699,35.73160714285714,3,35.55566635793835,0.17594078491879372,0.17594078491879372,test
93195000700,36.01481792717089,3,35.978202792537246,0.0366151346336423,0.0366151346336423,train
93195000701,35.76847619047622,3,35.693151205909665,0.07532498456655645,0.07532498456655645,train
93195000702,35.384542410714296,1,35.38897075725632,-0.0044283465420207335,0.0044283465420207335,train
93195000703,35.24699719887957,1,35.21000925263907,0.036987946240500946,0.036987946240500946,train
93195000704,34.982481792717124,1,35.068305688404195,-0.08582389568707072,0.08582389568707072,train
93195000705,34.890569196428594,1,34.87247318450524,0.018096011923354638,0.018096011923354638,train
93195000706,35.285267857142905,1,35.157183534118744,0.1280843230241615,0.1280843230241615,train
93195000707,35.40178711484597,1,35.336942046122886,0.0648450687230877,0.0648450687230877,train
93195000708,35.0572717086835,1,35.13246166841214,-0.07518995972863962,0.07518995972863962,train
93195000709,34.56444196428574,4,34.67492459414182,-0.11048262985607948,0.11048262985607948,train
93195000710,34.48441964285718,4,34.55118450109039,-0.06676485823320633,0.06676485823320633,train
93195000711,34.59543307086617,4,34.923641967592744,-0.32820889672657216,0.32820889672657216,test
93195000712,34.93339285714288,4,34.9361092118516,-0.0027163547087241113,0.0027163547087241113,train
93195000713,35.6326674107143,1,35.60225462741144,0.03041278330285735,0.03041278330285735,train
93195000714,36.295470653377656,1,35.980411062194996,0.3150595911826599,0.3150595911826599,test
93195000715,34.992000995520186,1,35.31287032081229,-0.3208693252921009,0.3208693252921009,test
93195000716,33.77623001547192,1,33.841132153892445,-0.06490213842052839,0.06490213842052839,train
93195000717,32.637507002801144,4,32.606372264046946,0.031134738754197144,0.031134738754197144,train
93205000687,35.07946778711488,4,35.09322983331144,-0.013762046196561073,0.013762046196561073,train
93205000688,35.0391204481793,4,35.24056264229808,-0.2014421941187834,0.2014421941187834,test
93205000689,34.9572209821429,4,34.91440817395061,0.04281280819228783,0.04281280819228783,train
93205000690,35.01723214285719,3,34.90338847514991,0.11384366770727894,0.11384366770727894,train
93205000691,35.17617366946782,3,35.114309075904,0.06186459356381846,0.06186459356381846,train
93205000692,35.56870028011207,3,35.51448160705377,0.05421867305830119,0.05421867305830119,train
93205000693,35.83466517857147,3,35.82910885485895,0.005556323712518463,0.005556323712518463,train
93205000694,35.47397321428575,3,35.2706581822175,0.20331503206824664,0.20331503206824664,test
93205000697,35.03553571428576,3,34.736532025898875,0.2990036883868825,0.2990036883868825,test
93205000698,35.32582072829134,3,35.27886602497391,0.046954703317432234,0.046954703317432234,train
93205000699,35.70787114845939,3,35.51466608353052,0.19320506492886835,0.19320506492886835,train
93205000700,35.74536830357146,3,35.55628899441281,0.18907930915865023,0.18907930915865023,test
93205000701,35.49750000000005,1,35.36583439354356,0.13166560645649383,0.13166560645649383,train
93205000702,35.3524985994398,1,35.17604670246619,0.1764518969736102,0.1764518969736102,train
93205000703,35.36594397759107,1,35.23760520829007,0.12833876930100274,0.12833876930100274,train
93205000704,35.08620535714288,1,34.98444820581374,0.10175715132913865,0.10175715132913865,train
93205000705,34.681137254902,1,34.70289600057453,-0.02175874567253544,0.02175874567253544,train
93205000706,34.859591036414606,1,34.79049813405143,0.06909290236317389,0.06909290236317389,train
93205000708,35.079441964285735,1,35.145068633824565,-0.06562666953882967,0.06562666953882967,test
93205000709,34.97002240896361,1,35.02376810936743,-0.05374570040382309,0.05374570040382309,train
93205000710,34.97601680672272,1,34.882327655796594,0.0936891509261244,0.0936891509261244,train
93205000711,35.24380580357147,1,35.212978396984596,0.030827406586872996,0.030827406586872996,train
93205000712,35.646156862745144,1,35.57863829866849,0.06751856407665713,0.06751856407665713,train
93205000713,36.19662613981765,1,36.13382501827444,0.0628011215432096,0.0628011215432096,train
93205000714,36.04799798792758,1,35.979419631790755,0.06857835613682539,0.06857835613682539,train
93205000715,33.938672268907595,1,34.13516292161408,-0.1964906527064869,0.1964906527064869,train
93205000716,32.53677455357144,1,32.64079576858079,-0.10402121500934669,0.10402121500934669,train
93205000717,31.46658263305322,1,31.660928945061805,-0.19434631200858377,0.19434631200858377,train
93215000687,34.83062558356677,3,34.84428484671144,-0.013659263144667477,0.013659263144667477,train
93215000688,35.058478422619075,4,35.031240668260715,0.027237754358360178,0.027237754358360178,train
93215000689,35.02121837797623,4,35.011618081157586,0.009600296818646825,0.009600296818646825,train
93215000690,35.097356580427466,4,35.05467621348426,0.04268036694320898,0.04268036694320898,train
93215000691,35.106785714285735,3,35.07441234894674,0.03237336533899793,0.03237336533899793,test
93215000692,35.27686383928575,3,35.15984230410235,0.11702153518340452,0.11702153518340452,train
93215000693,35.46777030812329,3,35.29695261478543,0.17081769333785957,0.17081769333785957,train
93215000695,34.27740373883931,3,34.14464819642488,0.13275554241442933,0.13275554241442933,train
93215000697,34.51499159663868,3,34.489696036686205,0.025295559952475344,0.025295559952475344,train
93215000698,34.8825042016807,3,34.908060710124936,-0.025556508444232406,0.025556508444232406,train
93215000699,35.22494698660716,3,35.170669000966114,0.05427798564104336,0.05427798564104336,train
93215000700,35.131915966386586,4,35.14150653994395,-0.009590573557360926,0.009590573557360926,train
93215000701,34.854459383753564,1,34.80038691371421,0.05407247003935112,0.05407247003935112,train
93215000702,34.49035714285718,1,34.15575127628467,0.33460586657250957,0.33460586657250957,test
93215000703,34.50977678571431,1,34.328001580700345,0.18177520501396316,0.18177520501396316,train
93215000704,34.38157422969191,1,34.35778271945168,0.02379151024022974,0.02379151024022974,train
93215000705,34.29153501400565,1,34.33253254703927,-0.04099753303361808,0.04099753303361808,test
93215000706,34.51631696428576,1,34.41799964309173,0.09831732119402403,0.09831732119402403,train
93215000707,34.6378879551821,1,34.605157997867444,0.032729957314657554,0.032729957314657554,train
93215000708,35.22053221288519,1,35.066724444724535,0.15380776816065378,0.15380776816065378,train
93215000709,35.56569196428575,1,35.467516674373634,0.09817528991211333,0.09817528991211333,train
93215000710,35.71703125000002,1,35.61373032378293,0.10330092621708786,0.10330092621708786,train
93215000711,36.00887570912846,1,35.83041611348768,0.1784595956407813,0.1784595956407813,train
93215000712,36.17941762070686,1,36.090605550495624,0.08881207021123316,0.08881207021123316,train
93215000713,36.25217582417584,1,35.690089131490645,0.5620866926851988,0.5620866926851988,test
93215000714,35.54915178571431,1,35.48119626586522,0.06795551984908599,0.06795551984908599,train
93215000715,34.06569196428574,1,34.14604229794229,-0.08035033365654698,0.08035033365654698,train
93215000716,32.66895798319329,1,32.743041672622766,-0.07408368942947874,0.07408368942947874,train
93215000717,31.614832589285733,1,32.03870034606657,-0.42386775678083666,0.42386775678083666,test
93225000687,34.24606770833334,1,34.08450648657396,0.16156122175938492,0.16156122175938492,test
93225000688,34.59786928104579,1,34.469380187539954,0.12848909350583426,0.12848909350583426,train
93225000689,34.89373295985067,4,34.868833394392325,0.024899565458341044,0.024899565458341044,train
93225000690,35.30431361607145,4,35.340325730930886,-0.03601211485943878,0.03601211485943878,train
93225000691,35.33308035714288,4,35.34902702792932,-0.01594667078643397,0.01594667078643397,train
93225000692,34.55295238095242,3,34.48853238024996,0.06442000070246223,0.06442000070246223,train
93225000693,33.895585434173704,3,33.88352935099104,0.012056083182663713,0.012056083182663713,train
93225000694,33.30220703125003,3,33.30396538140617,-0.0017583501561446724,0.0017583501561446724,train
93225000695,32.91740896358547,3,32.976593342998065,-0.059184379412592136,0.059184379412592136,train
93225000696,33.24270588235297,3,33.22268280828274,0.020023074070230962,0.020023074070230962,train
93225000697,33.757193080357155,3,33.832998111232136,-0.07580503087498158,0.07580503087498158,train
93225000698,34.04178710937504,3,34.042268319919565,-0.00048121054452110457,0.00048121054452110457,train
93225000699,33.941442577030834,3,33.96266879631065,-0.021226219279817826,0.021226219279817826,test
93225000700,33.84973949579833,3,33.83441288907974,0.01532660671858821,0.01532660671858821,train
93225000701,33.655246930803614,3,33.839325934642005,-0.1840790038383915,0.1840790038383915,test
93225000702,33.1731148459384,3,33.30538593372235,-0.13227108778394836,0.13227108778394836,test
93225000703,33.35233602875114,1,33.22918874164593,0.12314728710521194,0.12314728710521194,train
93225000704,33.6277678571429,1,33.49949911616641,0.12826874097648755,0.12826874097648755,train
93225000705,33.00785082174468,1,32.944702940412114,0.06314788133256855,0.06314788133256855,train
93225000706,33.83758543417372,1,33.461837040865554,0.37574839330816445,0.37574839330816445,test
93225000707,34.6474565826331,1,34.57444049639944,0.07301608623365752,0.07301608623365752,train
93225000708,35.44013392857148,1,35.33666933477643,0.1034645937950458,0.1034645937950458,train
93225000709,35.76108065366372,1,35.659494857451406,0.10158579621231212,0.10158579621231212,train
93225000710,35.90436535589847,1,35.766832290187445,0.13753306571102542,0.13753306571102542,train
93225000711,36.077153598281456,1,36.01838307282421,0.05877052545724837,0.05877052545724837,train
93225000712,36.1240959821429,1,36.05262727556974,0.07146870657315674,0.07146870657315674,train
93225000713,36.10810267857146,1,35.659852697642656,0.4482499809288072,0.4482499809288072,test
93225000714,35.40372767857146,1,35.298990331958215,0.1047373466132413,0.1047373466132413,train
93225000715,34.35675223214289,1,34.06230403926365,0.29444819287923707,0.29444819287923707,test
93225000716,33.09004464285718,1,33.05759139615299,0.032453246704186256,0.032453246704186256,test
93225000717,32.20659598214289,1,32.572586248750866,-0.36599026660797307,0.36599026660797307,test
93235000687,33.852362204724436,4,33.786390475772535,0.06597172895190084,0.06597172895190084,train
93235000688,34.11401925223218,4,34.10014187017874,0.01387738205344391,0.01387738205344391,test
93235000689,35.048105468750045,4,34.987518987397635,0.060586481352409294,0.060586481352409294,train
93235000690,35.48190196078435,4,35.39144580856322,0.09045615222112957,0.09045615222112957,train
93235000691,34.58042717086838,4,34.49272108720065,0.08770608366773303,0.08770608366773303,train
93235000692,33.164062500000014,3,33.13409032335345,0.029972176646566595,0.029972176646566595,train
93235000693,32.33322963169646,3,32.485885852516276,-0.15265622081981434,0.15265622081981434,train
93235000694,32.04316666666671,3,32.078865446161856,-0.035698779495149324,0.035698779495149324,train
93235000695,32.0299509803922,3,32.08650501420572,-0.05655403381351931,0.05655403381351931,train
93235000696,32.54160156250004,3,32.75411664948219,-0.21251508698215105,0.21251508698215105,test
93235000697,33.038764705882386,3,33.008438569167396,0.03032613671499007,0.03032613671499007,train
93235000698,33.162196078431414,3,33.10521903793247,0.0569770404989427,0.0569770404989427,train
93235000699,32.760058593750024,3,32.73310172629288,0.02695686745714454,0.02695686745714454,train
93235000701,32.77107421875003,3,32.82858447901606,-0.05751026026602801,0.05751026026602801,train
93235000705,31.932857142857188,3,32.026362161040254,-0.09350501818306611,0.09350501818306611,test
93235000706,33.15940581542356,1,32.95598332188404,0.20342249353952013,0.20342249353952013,train
93235000707,34.22585392051561,1,34.043136796326436,0.18271712418917474,0.18271712418917474,train
93235000708,35.127033349925384,1,34.81693393858212,0.31009941134326624,0.31009941134326624,test
93235000709,35.314548319327756,1,35.176207056329474,0.13834126299828142,0.13834126299828142,train
93235000710,35.404241071428615,1,35.051203102616874,0.35303796881174065,0.35303796881174065,test
93235000711,35.630524553571455,1,35.5292108870501,0.10131366652135654,0.10131366652135654,train
93235000712,35.92754464285716,1,35.631696619681406,0.29584802317575054,0.29584802317575054,test
93235000713,36.092565826330556,1,35.86986446341528,0.22270136291527365,0.22270136291527365,train
93235000714,35.651647058823556,1,35.470460442186294,0.18118661663726243,0.18118661663726243,train
93235000715,35.01466816647922,1,34.876366189894206,0.1383019765850122,0.1383019765850122,train
93235000716,33.931310924369804,1,33.96273197625392,-0.03142105188411648,0.03142105188411648,train
93235000717,32.48271708683477,1,32.52745105758111,-0.04473397074634278,0.04473397074634278,train
93245000688,34.62002511160718,4,34.65166999934781,-0.03164488774063301,0.03164488774063301,train
93245000689,35.465490196078456,4,35.34506390878381,0.12042628729464866,0.12042628729464866,train
93245000690,35.07717647058827,4,34.63208924763543,0.44508722295284286,0.44508722295284286,test
93245000691,32.91489397321431,4,32.857336668052845,0.05755730516146684,0.05755730516146684,train
93245000692,31.705134453781522,3,31.712201978568658,-0.007067524787135682,0.007067524787135682,train
93245000693,31.480521008403386,3,31.5004346652392,-0.01991365683581492,0.01991365683581492,train
93245000694,31.347119140625043,3,31.49588045186526,-0.14876131124021796,0.14876131124021796,test
93245000695,31.311054687500032,3,31.39276220475093,-0.08170751725089787,0.08170751725089787,train
93245000698,32.06313636363641,3,31.96508369168884,0.0980526719475705,0.0980526719475705,test
93245000699,32.06617647058828,3,32.009803504671275,0.05637296591700647,0.05637296591700647,train
93245000707,32.64827380952384,1,32.48279515429338,0.16547865523046568,0.16547865523046568,train
93245000708,33.261428571428596,4,33.147627667249154,0.11380090417944189,0.11380090417944189,train
93245000709,33.78006696428574,4,33.72920901477465,0.05085794951108369,0.05085794951108369,train
93245000710,34.12546218487398,4,33.95586888406419,0.16959330080979385,0.16959330080979385,test
93245000711,34.37060504201682,4,34.335502629052144,0.03510241296467598,0.03510241296467598,train
93245000712,34.92700840336137,4,34.804751504692064,0.12225689866930622,0.12225689866930622,train
93245000713,35.13921875000002,4,34.72347165788189,0.41574709211813143,0.41574709211813143,test
93245000714,35.14280672268909,4,34.7294256718031,0.4133810508859881,0.4133810508859881,test
93245000715,34.777879464285725,1,34.7141001653905,0.06377929889522704,0.06377929889522704,train
93245000716,33.55286830357147,1,33.70793972659067,-0.1550714230192014,0.1550714230192014,train
93245000717,32.26603794642862,1,32.468017407026295,-0.20197946059767702,0.20197946059767702,train
93255000687,34.99150840336138,4,35.29338590870775,-0.3018775053463685,0.3018775053463685,test
93255000688,35.38042156862748,4,35.41938121617743,-0.03895964754994452,0.03895964754994452,train
93255000689,35.533330078125026,4,35.45014844962967,0.08318162849535327,0.08318162849535327,train
93255000690,34.300019531250044,4,34.142289282964875,0.15773024828516924,0.15773024828516924,train
93255000691,32.40518596787831,4,32.32880926950282,0.07637669837549055,0.07637669837549055,train
93255000709,32.54541984732829,4,32.409498087403136,0.13592175992515365,0.13592175992515365,train
93255000710,33.4882142857143,4,33.27840490476012,0.20980938095417656,0.20980938095417656,test
93255000713,34.57407738095242,4,34.48904408834773,0.08503329260468462,0.08503329260468462,train
93255000714,34.7389022556391,4,34.66317018803179,0.075732067607305,0.075732067607305,train
93255000715,34.41821428571429,1,34.36075854298544,0.05745574272885534,0.05745574272885534,train
93255000716,32.15776232616944,1,32.430721606024754,-0.2729592798553142,0.2729592798553142,test
93255000717,31.363604910714333,3,31.753613540183935,-0.3900086294696017,0.3900086294696017,train
