grid_id,kmeans_cluster,shap_lst_2009,shap_lst_2012,shap_lst_2015,shap_lst_2018,shap_lst_2021,baseline,prediction
92955000708,4,0.0014974319434259086,-0.2130446128139738,-0.09586049117497168,-0.13378083546995184,-0.13516015226487071,35.176371696378126,34.60004242741154
92965000698,4,0.016113268857588993,-0.4655472129525151,-0.11386703579337336,-0.19995241164579056,-0.6937691311526578,35.176371696378126,33.71936893653874
92965000707,4,0.00790663314401172,-0.10823077589739113,-0.04706945213256404,0.015920376550639048,0.2655504586000461,35.176371696378126,35.31046863997544
92965000710,3,0.012978533282876015,-0.5201928061142098,-0.10087117187795229,-0.21867746077477931,-1.0554106441442854,35.176371696378126,33.294217798354836
92975000702,4,0.02979558559600264,-0.4472066785325296,-0.07515502563328483,-0.22680008561583237,-0.5521172260458116,35.176371696378126,33.90490784158508
92975000707,4,0.009976909402757883,-0.06849093521013856,-0.018355830473592506,0.06547056328272446,0.24258259998168796,35.176371696378126,35.40757459929784
92975000711,4,-0.0016018980415537954,-0.4511916913441382,-0.07166079898597673,-0.2214339672937058,-0.7972442751575727,35.176371696378126,33.63325866481314
92985000707,4,0.0004385521577205509,0.014848886826075613,0.08107057397137396,0.12462498554377817,0.21784960119402969,35.176371696378126,35.61522377839031
92985000708,4,0.00577576186042279,-0.10020558292162604,0.03140926606720314,0.05873980466276407,0.1883799201576039,35.176371696378126,35.360490622419874
92995000700,4,0.017207193409558386,-0.18786959758144803,-0.11067447050590999,-0.1002302220906131,-0.028780861845007166,35.176371696378126,34.76604332202861
92995000704,2,0.029403670877218246,-0.11962125570280477,-0.058445850166026506,0.03443424936849624,0.24882450493751093,35.176371696378126,35.31098695760195
92995000705,4,0.01484846020466648,-0.09624635976506397,-0.05058003308949992,0.04401218217681162,0.28381653396063483,35.176371696378126,35.37224221513333
92995000706,4,0.014797868143068627,0.05746848627459258,0.0271521259797737,0.12739736840012483,0.23771799060632476,35.176371696378126,35.64092529517111
92995000711,4,0.011372797313379123,-0.2685046575788874,-0.11955776136601344,-0.197503798751859,-0.8202167792827822,35.176371696378126,33.78198130245739
93005000707,4,0.00999593684100546,0.11483672902104444,0.10086709844181314,0.16172873877803795,0.25727150398888626,35.176371696378126,35.82109106386046
93025000701,4,0.03150499541079625,-0.2696681461122353,-0.0738613243564032,-0.18084513823268936,-0.43809340946027076,35.176371696378126,34.2454281346476
93025000703,4,0.009160406689625233,-0.1796903144044336,-0.08464939437108114,-0.034840485651511696,-0.0015767649456392974,35.176371696378126,34.8847945790284
93035000696,2,0.007725444406969473,-0.16467420030385255,-0.10635553322499618,-0.09284191144979559,-0.15649949935032054,35.176371696378126,34.6637454531888
93035000700,2,-0.005769288074225188,-0.17574179605580867,-0.09718817481189035,-0.03527630465687252,-0.16080362586071714,35.176371696378126,34.70161225218244
93035000702,4,0.007155406504170969,-0.2041043711884413,-0.1071710082644131,-0.10913028332288377,-0.14822542231413535,35.176371696378126,34.61491518146744
93035000707,4,0.00013720232527703047,0.12131627860362641,0.08782221148721873,0.18658115856233054,0.24952981629758142,35.176371696378126,35.82177794188823
93035000709,4,-0.012597360374638811,-0.11094704434508458,-0.09997421321459114,0.07676605460001155,0.09241973403259181,35.176371696378126,35.122058543867404
93035000710,4,-0.0004933072428684682,-0.111929212405812,-0.08831739816814661,0.026273073122138158,0.08960815246682614,35.176371696378126,35.09153235775506
93045000696,2,-0.013035522931022569,-0.13768202333594673,-0.08816988501930609,-0.13470632633543572,-0.07554916280205362,35.176371696378126,34.727248737867114
93045000699,2,-0.01296032172976993,-0.14801786678726786,-0.09984994331025518,-0.020321696496102958,-0.13838112019584514,35.176371696378126,34.75686045939133
93055000703,2,-0.008893108821939676,0.008002665464300663,0.05826566655887291,0.060411732434295116,0.18699793082196264,35.176371696378126,35.481176082784074
93055000704,2,-0.006059002230176702,0.029596124484669417,0.08316530087031423,0.13604984264820813,0.195664474950172,35.176371696378126,35.61480795399903
93055000705,3,-0.00869218623265624,0.07869311394752003,0.07082468157750554,0.14599981895880773,0.23154048228170723,35.176371696378126,35.694757014076266
93065000695,2,0.008303321059793234,0.014950289408443496,-0.08533135309698991,-0.024664326582569628,0.011183278413955122,35.176371696378126,35.100832419167496
93065000697,2,-0.014106657082447783,0.02316534780547954,-0.11522808681474998,-0.021605948236538098,0.07412045699893496,35.176371696378126,35.12273678538585
93065000699,2,0.0010609946912154555,-0.00580399032915011,-0.08581138285808265,-0.034106634522322564,0.059938798053190114,35.176371696378126,35.11166940123917
93065000705,2,-0.003232563950587064,0.07338730040355586,0.058591616619378326,0.06122737554251216,0.19459260340081527,35.176371696378126,35.560957356541785
93065000706,2,-0.034376135666389016,0.20536109447712078,0.10774891670444049,0.1468531634192914,0.23602052881615238,35.176371696378126,35.83799895072395
93075000697,2,0.006581285374704748,0.20727076095645317,-0.09931936247157865,0.02348369030514732,0.14384136168519035,35.176371696378126,35.45824932616069
93075000700,2,-0.004344654839951545,-0.10391416692291386,-0.05163343867752701,-0.022730278456583618,-0.18996136891073548,35.176371696378126,34.803807375032164
93085000696,2,-0.0009670906700193882,0.2055402690952178,-0.09432712141424418,0.06988626707461662,-0.017210223944857717,35.176371696378126,35.33931370432134
93085000697,2,-0.009958858793834225,0.23212530424352734,-0.14883885368471966,0.05446646247291938,0.1273540247173514,35.176371696378126,35.43153994437083
93085000706,2,-0.027414666750701144,0.03380266993190162,-0.0934031784243416,0.05468003706191667,0.13067638630163855,35.176371696378126,35.27497544806912
93085000714,4,-0.024782164697535337,0.05997904431424104,-0.09623609756235965,0.14488679549540392,0.24880091864033602,35.176371696378126,35.509039970983494
93095000694,2,0.000639489502646029,0.12125210576341487,-0.05083612480084412,0.04769562831497751,0.28391624443465846,35.176371696378126,35.57905867843623
93095000696,2,0.011368685745401308,0.2209518896532245,-0.12241460242657923,0.12910348604200408,0.05097516011446714,35.176371696378126,35.466376334657284
93095000707,2,-0.03344597924733535,0.10764101074892096,0.046879537228960544,0.12643272515269927,0.19490200704312882,35.176371696378126,35.61880056339839
93095000714,4,0.007694498723139986,0.12767665981082246,-0.07402481670142151,0.09879890729789623,0.2660920964088291,35.176371696378126,35.602628915328225
93105000696,2,0.009676275809761136,0.25414227130240763,-0.014925828023115173,0.12958439029171132,0.23435464414651505,35.176371696378126,35.78922319614224
93105000699,2,0.01360104451305233,-0.14029663518886082,-0.1000185827666428,-0.043437900039134544,-0.28305932161165404,35.176371696378126,34.62317962166611
93105000701,2,-0.006258578679990023,-0.1830947713344358,-0.10734994597150944,-0.1426611289207358,-0.1639183503051754,35.176371696378126,34.57310853816521
93105000703,2,0.015937635337468236,-0.12544126298162156,-0.058036644506501034,0.01531814323971048,-0.18306253319606186,35.176371696378126,34.84110659960681
93105000704,2,-0.004236268030945211,-0.11330316996900365,-0.00623382989433594,0.07806251854635775,0.07022061783936806,35.176371696378126,35.200901374040626
93115000694,2,0.020438167150132358,0.11889373899903148,-0.07064187318901531,0.09779604056384414,0.030062029848340898,35.176371696378126,35.37293944039544
93125000690,2,0.009778869326692075,-0.1263795874081552,-0.10229523851885461,0.133240290771937,-0.05584647960495204,35.176371696378126,35.03488930617017
93125000691,2,0.006846824061358348,-0.14816402220167219,-0.09884010056848638,0.07937927066814154,-0.053867778816493225,35.176371696378126,34.961745374431636
93125000696,2,0.003700075822416693,0.07890393694979139,0.07003910425119102,0.1184931599709671,0.2238177606021054,35.176371696378126,35.671345061640444
93125000707,3,-0.034555170190287754,0.2972817558969837,0.17094203018350526,0.15889764587045646,0.23160887911217287,35.176371696378126,36.00056664361007
93125000714,1,0.03170889427419752,0.30710306323016995,0.18043161079403944,0.17655864950502292,0.2399035239999648,35.176371696378126,36.11209717701437
93125000715,1,0.009463035524822772,0.26615102250361816,0.1672930469387211,0.12996797340456395,0.03775467321975157,35.176371696378126,35.78702124669038
93135000701,3,0.0030634799797553567,-0.10941425760975107,-0.06658303607837297,-0.0014672228891868145,-0.5701927978545427,35.176371696378126,34.43179757869166
93135000707,3,-0.07091013050521724,0.26062637754366735,0.13929113863850945,0.13506466512917542,0.21723652419168502,35.176371696378126,35.85769995630614
93145000694,3,-0.007506401790305972,-0.0057364549080375585,-0.10197839989559725,-0.03269584327936172,-0.0075657953508198265,35.176371696378126,35.020908113737306
93145000702,3,0.016401773015968502,-0.13253931280924008,-0.12047133315936662,-0.13647903947276063,-0.4248736955283675,35.176371696378126,34.37842962794056
93145000709,3,-0.0018481113656889647,0.2270703031681478,0.13862755305599422,0.07712073175352999,0.18905540533014573,35.176371696378126,35.80641718924379
93155000693,3,0.009108934504911303,-0.09417724745580927,-0.09135367198032326,0.01068727188394405,-0.04553025543573312,35.176371696378126,34.96512621509069
93155000695,3,-0.008840426692040637,-0.04463800857774913,-0.09419763058540412,-0.04333986538695171,-0.030787223810330035,35.176371696378126,34.95458798756303
93155000701,3,0.0038875462661962954,-0.032552355423104015,-0.09313921339344233,-0.013429609243758023,0.006366200017509982,35.176371696378126,35.047523845297775
93155000704,3,0.005094530852511525,0.033607078931527215,0.017946235788986086,-0.012775622750632465,0.13626208889181726,35.176371696378126,35.35652564921516
93155000710,3,-0.0024582015816122294,0.11210858400445431,0.10623139311792329,0.06854733598302118,0.0773978037526831,35.176371696378126,35.53821828431334
93155000712,4,0.022954777348786592,0.2989061965548899,0.19004375630174764,0.1753972236183472,0.24140407027443872,35.176371696378126,36.105097567238104
93155000715,1,0.015802090073702858,0.17517214132240042,0.008601398987229914,0.08440079907886684,0.21297730777878315,35.176371696378126,35.67334530684909
93165000692,3,0.0017183979216497391,-0.11628873297595418,-0.06595920971012674,-0.01291697533451952,-0.15926191218895838,35.176371696378126,34.82368290004427
93165000693,4,0.004817808174993843,-0.11901212489465252,-0.0721060445823241,-0.023189790669130163,-0.14823103012749925,35.176371696378126,34.81866997336417
93165000699,3,0.017569982929853723,0.05407357598887756,0.10530585765955039,0.14240876239491626,0.24805036992765964,35.176371696378126,35.743799717309976
93165000701,3,-0.0002810919366311282,-0.13956627951120026,-0.09965678958687932,-0.12119693281711079,-0.06923291938146577,35.176371696378126,34.74645769817996
93165000702,3,0.0006261404952965677,-0.12975614750757813,-0.11410700409905986,-0.14878499011974783,-0.32542156301205977,35.176371696378126,34.45894771668801
93165000705,3,0.0034856206679251046,0.20983097146381624,0.16326724314130842,0.09855124299647286,0.22591804547118954,35.176371696378126,35.87744434420613
93165000709,3,0.007485374942189082,-0.007019678287906572,0.052813410153612496,0.03843409105320461,-0.04880210956325755,35.176371696378126,35.219302669204794
93165000715,1,0.006124899041606113,0.11407795764971525,0.03686841900344007,0.08864896479062737,0.22883846146287395,35.176371696378126,35.65094991342826
93165000716,1,0.02897822636878118,-0.019466087175533175,-0.04726451515452936,0.023975458421045915,0.267618442006642,35.176371696378126,35.43023312214959
93175000697,3,0.0056651413848157976,0.07128572292276658,-0.06389779183082282,-0.0011959335126448423,0.1566932143701706,35.176371696378126,35.344941876117595
93175000698,3,0.01667059164028615,0.05340530424145982,-0.06287633923930117,0.00757564960513264,0.12751238295459189,35.176371696378126,35.31867902622045
93175000700,3,0.015803692635381596,0.043997353181475775,-0.009879194013774396,0.05615084949531592,0.210213093762286,35.176371696378126,35.492677052067286
93175000709,1,-0.018926673091482372,-0.03604527873685583,-0.08269500075257383,-0.030284633208066226,-0.11512627151678316,35.176371696378126,34.8933135159496
93175000716,1,0.041696458373917264,-0.13520555734285153,-0.056114711542613806,0.018042830209014937,0.1824904462962877,35.176371696378126,35.227300960276665
93185000693,3,0.001094713993370533,0.09513299882528373,-0.07630867912666872,0.01982864015153609,-0.06479534576064908,35.176371696378126,35.15134374219386
93185000697,3,-0.0007705176656600087,0.08951453267363832,-0.02396076489239931,-0.03266370490309782,0.023545360087882727,35.176371696378126,35.232056375733535
93185000699,3,0.006054460589075461,0.19682728660409338,0.05764643080183305,0.04581408863887191,0.2250549309537746,35.176371696378126,35.7077884127676
93185000700,3,-0.025348799134371804,0.21375105088227428,0.10403962683049031,0.11498082126490772,0.22518956902786158,35.176371696378126,35.809003625093716
93185000712,1,0.01718143649632111,0.010288374888477846,-0.026285046519478782,-0.0035007997590582817,0.1859409305732697,35.176371696378126,35.360016271764515
93195000691,3,0.02679634437081404,0.13906955170677976,-0.07710741074988618,0.09643590553896501,0.012541150068864226,35.176371696378126,35.37412716335904
93195000698,3,-0.01070484968367964,0.14955896292813123,-0.016398250660859048,0.06944164352607914,0.03985034066135995,35.176371696378126,35.408139518371826
93195000699,3,-0.015265079471282661,0.18902647166978567,-0.07302399208419956,0.0979287302296143,0.1806088149896823,35.176371696378126,35.55566635793835
93195000711,4,-0.0018498791905585676,-0.14696932302322238,-0.1080808803671971,-0.12526852611918002,0.12941918195574545,35.176371696378126,34.923641967592744
93195000714,1,0.02454207419650629,0.26412810412584803,0.14432141336146742,0.15167706073261797,0.21935087827732785,35.176371696378126,35.980411062194996
93195000715,1,0.03444192741881125,-0.10106311181443743,-0.06488606982748024,0.01411447377759032,0.25387157980003394,35.176371696378126,35.31287032081229
93205000688,4,-0.00043166220420971514,0.004718414356466383,-0.07047077265451662,-7.061366923153401e-05,0.1304256278614048,35.176371696378126,35.24056264229808
93205000694,3,0.016153456567553803,0.09693967000348494,0.0029230898478999736,0.11083134558866732,-0.13258095762575978,35.176371696378126,35.27065818221749
93205000697,3,0.011142135399859398,-0.11986885001533665,-0.05903311786241829,0.03122225131955929,-0.3033220145094674,35.176371696378126,34.73653202589888
93205000700,3,-0.04634389822022058,0.189491308509605,-0.11138575173681602,0.1051060842582956,0.24302972014411353,35.176371696378126,35.55628899441281
93205000708,1,0.04117260209168307,-0.13224665222223847,-0.08626750678522513,-0.1239698084187694,0.269988320232369,35.176371696378126,35.145068633824565
93215000691,3,0.003616410668473691,0.0509184499795083,-0.07283939901972189,-0.01002662613755092,-0.07364741141791456,35.176371696378126,35.07441234894674
93215000702,1,0.0047501241497229785,-0.1492750599863939,-0.11863391649676487,-0.15488850146648475,-0.6025924666551873,35.176371696378126,34.15575127628467
93215000705,1,0.031836107722483575,-0.20609703791560605,-0.07921974628116005,-0.22392585856141523,-0.3664525481290184,35.176371696378126,34.33253254703927
93215000713,1,0.017644144775113092,0.2041733908932656,-0.02783658616244793,0.05162514502299018,0.26809156994568184,35.176371696378126,35.690089131490645
93215000717,1,-0.15348478541127406,-0.8392619290971197,-0.16901876307092606,-0.6443750990321859,-1.3315505310252775,35.176371696378126,32.03870034606656
93225000687,1,0.030734056083019823,-0.2654574030369986,-0.08836938618333079,-0.13390363337821326,-0.634888657060219,35.176371696378126,34.08450648657396
93225000699,3,0.014365132240345701,-0.16049347189837135,-0.08296552112442442,-0.2111788379959762,-0.7734499558631797,35.176371696378126,33.96266879631065
93225000701,3,0.010568049194989725,-0.173585623659892,-0.0909513838996645,-0.35105505570536477,-0.732041605032282,35.176371696378126,33.839325934642005
93225000702,3,0.02017608511960134,-0.3985817367734853,-0.08400922084692866,-0.4215352270752192,-0.9870558665017597,35.176371696378126,33.30538593372235
93225000706,1,-0.08749194655683823,-0.4667024684662465,-0.0756295349157881,-0.3743003286945168,-0.710429817379918,35.176371696378126,33.461837040865554
93225000713,1,0.010811690968694165,0.2190976412501186,-0.09432819031644613,0.042938506533391776,0.3049415445420891,35.176371696378126,35.65985269764265
93225000715,1,0.01019940419937484,-0.43907206878066063,-0.10101646296679974,-0.18980271856416947,-0.39439496832783333,35.176371696378126,34.06230403926365
93225000716,1,-0.051873473543673755,-0.6121947144973092,-0.06213331634644419,-0.3945565584290307,-0.9980423972941935,35.176371696378126,33.057591396153
93225000717,1,-0.1142709715757519,-0.7514985879359302,-0.13158425289439038,-0.49185396038810725,-1.1145974984625355,35.176371696378126,32.572586248750866
93235000688,4,-0.03200617912807502,-0.27664014833280814,-0.12393300115945749,-0.17487369457958266,-0.4687963528733235,35.176371696378126,34.100141870178746
93235000696,3,-0.10547346530365757,-0.6246364945662208,-0.11338904014555737,-0.4612510472361464,-1.117524716979824,35.176371696378126,32.75411664948219
93235000705,3,-0.23397200881154276,-0.8156717642268632,-0.1970153033034876,-0.6835487594828009,-1.2198213270690759,35.176371696378126,32.026362161040254
93235000708,1,0.04115089267143048,-0.19414374521002173,-0.10584154155803845,-0.126856026268797,0.026233023701934144,35.176371696378126,34.81693393858212
93235000710,1,0.030584683641791344,-0.12179687189636752,-0.06606462133931927,-0.009844396321568638,0.04193291073315777,35.176371696378126,35.051203102616874
93235000712,1,0.025525319069856778,0.1262382619723212,-0.04150516946101561,0.041496710682986306,0.3035500356112607,35.176371696378126,35.631696619681406
93245000690,4,0.014165091293398291,-0.22085896297357976,-0.1031479725963436,-0.1127470129984431,-0.12171291880658827,35.176371696378126,34.63208924763543
93245000694,3,-0.2806951654783916,-0.9509158071072307,-0.21691833836957813,-0.7699947792105377,-1.461986132414313,35.176371696378126,31.49588045186526
93245000698,3,-0.1579985824879259,-0.833928547881078,-0.19015219641732983,-0.678007844282547,-1.3512204404047226,35.176371696378126,31.96508369168884
93245000710,4,-0.06655457409797236,-0.4842821078491397,-0.07780303859035484,-0.23313906638650223,-0.35874371048412285,35.176371696378126,33.95586888406419
93245000713,4,0.025199560349574313,-0.19490640145959331,-0.09909155972418375,-0.11693337900214829,-0.06718766636913642,35.176371696378126,34.72347165788189
93245000714,4,0.03334777925047092,-0.20225201679277233,-0.09828791014151647,-0.14287463076761925,-0.0368987503927201,35.176371696378126,34.7294256718031
93255000687,4,0.02135227243998088,-0.13065383061766625,0.04716073766467162,0.0001715645717922598,0.17896383965271526,35.176371696378126,35.29338590870775
93255000710,4,-0.0961647079733666,-0.5619230551703367,-0.13847502132412046,-0.37172236702172085,-0.7297013977833557,35.176371696378126,33.27840490476013
93255000716,1,-0.19094777471618726,-0.771616242924938,-0.14611820867285133,-0.5205840330745559,-1.1164038069138769,35.176371696378126,32.43072160602476
