grid_id,kmeans_cluster,split,cv_validation_fold
92955000708,4,test,
92955000709,3,train,4
92965000698,4,test,
92965000699,4,train,2
92965000707,4,test,
92965000708,4,train,5
92965000709,4,train,1
92965000710,3,test,
92965000711,3,train,4
92975000698,3,train,5
92975000699,4,train,2
92975000700,4,train,4
92975000701,4,train,1
92975000702,4,test,
92975000706,4,train,1
92975000707,4,test,
92975000708,4,train,1
92975000709,4,train,2
92975000710,4,train,2
92975000711,4,test,
92985000699,4,train,1
92985000700,4,train,4
92985000701,4,train,1
92985000702,4,train,1
92985000705,4,train,2
92985000706,4,train,5
92985000707,4,test,
92985000708,4,test,
92985000709,4,train,3
92985000710,4,train,4
92985000711,4,train,5
92995000699,4,train,3
92995000700,4,test,
92995000701,4,train,1
92995000702,4,train,1
92995000703,4,train,4
92995000704,2,test,
92995000705,4,test,
92995000706,4,test,
92995000707,4,train,3
92995000708,4,train,2
92995000709,4,train,3
92995000710,4,train,3
92995000711,4,test,
93005000700,4,train,3
93005000701,4,train,2
93005000702,4,train,5
93005000703,4,train,2
93005000704,4,train,5
93005000705,4,train,3
93005000706,4,train,2
93005000707,4,test,
93005000708,4,train,5
93005000709,4,train,2
93005000710,4,train,1
93005000711,4,train,1
93015000700,4,train,5
93015000701,4,train,3
93015000702,4,train,4
93015000703,4,train,2
93015000704,4,train,1
93015000705,4,train,5
93015000706,4,train,2
93015000707,4,train,3
93015000708,4,train,2
93015000709,4,train,1
93015000710,4,train,3
93015000711,4,train,3
93015000712,4,train,4
93025000696,2,train,1
93025000697,2,train,2
93025000698,2,train,5
93025000699,4,train,3
93025000700,4,train,1
93025000701,4,test,
93025000702,4,train,4
93025000703,4,test,
93025000704,4,train,2
93025000705,4,train,1
93025000706,4,train,4
93025000707,4,train,2
93025000708,4,train,3
93025000709,4,train,1
93025000710,4,train,5
93025000711,4,train,3
93025000712,4,train,5
93035000696,2,test,
93035000697,2,train,1
93035000698,2,train,3
93035000699,2,train,4
93035000700,2,test,
93035000701,4,train,2
93035000702,4,test,
93035000703,4,train,1
93035000704,4,train,1
93035000705,4,train,4
93035000706,3,train,2
93035000707,4,test,
93035000708,2,train,2
93035000709,4,test,
93035000710,4,test,
93045000695,2,train,5
93045000696,2,test,
93045000697,2,train,2
93045000698,2,train,2
93045000699,2,test,
93045000700,2,train,4
93045000701,4,train,2
93045000702,4,train,1
93045000703,4,train,4
93045000704,4,train,3
93045000705,4,train,3
93045000706,3,train,3
93045000707,2,train,4
93045000708,2,train,1
93045000709,3,train,1
93045000710,3,train,4
93055000695,2,train,3
93055000696,2,train,5
93055000697,2,train,4
93055000698,2,train,5
93055000699,2,train,3
93055000700,2,train,2
93055000701,2,train,1
93055000702,2,train,2
93055000703,2,test,
93055000704,2,test,
93055000705,3,test,
93055000706,2,train,2
93055000707,2,train,1
93055000708,2,train,5
93055000709,3,train,2
93055000710,3,train,4
93065000694,2,train,1
93065000695,2,test,
93065000696,2,train,3
93065000697,2,test,
93065000698,2,train,1
93065000699,2,test,
93065000700,2,train,1
93065000701,2,train,1
93065000702,3,train,5
93065000703,2,train,4
93065000705,2,test,
93065000706,2,test,
93065000707,2,train,5
93065000708,2,train,2
93065000709,3,train,1
93065000710,3,train,3
93075000694,2,train,3
93075000695,2,train,4
93075000696,2,train,1
93075000697,2,test,
93075000698,2,train,3
93075000699,2,train,4
93075000700,2,test,
93075000701,2,train,2
93075000702,2,train,3
93075000703,2,train,3
93075000704,2,train,4
93075000705,2,train,5
93075000706,2,train,5
93075000707,2,train,1
93075000708,2,train,3
93075000709,3,train,1
93075000710,3,train,3
93085000694,2,train,1
93085000695,2,train,2
93085000696,2,test,
93085000697,2,test,
93085000698,2,train,4
93085000699,2,train,4
93085000700,2,train,3
93085000701,2,train,2
93085000702,2,train,4
93085000703,2,train,5
93085000704,2,train,3
93085000705,2,train,1
93085000706,2,test,
93085000707,2,train,2
93085000708,2,train,5
93085000709,3,train,1
93085000710,4,train,5
93085000711,4,train,5
93085000712,2,train,4
93085000713,3,train,1
93085000714,4,test,
93095000693,2,train,1
93095000694,2,test,
93095000695,2,train,3
93095000696,2,test,
93095000697,2,train,2
93095000698,2,train,2
93095000699,2,train,4
93095000700,2,train,5
93095000701,2,train,2
93095000702,2,train,4
93095000703,2,train,3
93095000704,2,train,4
93095000705,2,train,5
93095000706,2,train,1
93095000707,2,test,
93095000708,2,train,1
93095000709,3,train,5
93095000710,3,train,5
93095000711,3,train,4
93095000712,2,train,4
93095000713,4,train,4
93095000714,4,test,
93105000693,2,train,5
93105000694,2,train,3
93105000695,2,train,3
93105000696,2,test,
93105000697,2,train,2
93105000698,2,train,4
93105000699,2,test,
93105000700,2,train,5
93105000701,2,test,
93105000702,2,train,5
93105000703,2,test,
93105000704,2,test,
93105000705,2,train,2
93105000706,2,train,5
93105000707,3,train,1
93105000708,3,train,3
93105000709,3,train,1
93105000710,3,train,1
93105000711,2,train,5
93105000712,2,train,3
93105000713,2,train,2
93105000714,2,train,2
93115000692,2,train,1
93115000693,2,train,4
93115000694,2,test,
93115000695,2,train,3
93115000696,2,train,4
93115000697,2,train,5
93115000698,2,train,5
93115000699,2,train,1
93115000700,2,train,3
93115000701,2,train,1
93115000702,2,train,1
93115000703,2,train,1
93115000704,2,train,3
93115000705,2,train,1
93115000706,3,train,1
93115000707,3,train,1
93115000708,3,train,5
93115000709,3,train,4
93115000710,2,train,1
93115000711,2,train,5
93115000712,2,train,3
93115000713,2,train,2
93115000714,2,train,5
93125000690,2,test,
93125000691,2,test,
93125000692,3,train,2
93125000693,2,train,2
93125000694,2,train,3
93125000695,2,train,4
93125000696,2,test,
93125000697,2,train,2
93125000698,2,train,3
93125000699,2,train,3
93125000700,2,train,4
93125000701,3,train,5
93125000702,3,train,4
93125000703,3,train,5
93125000704,3,train,3
93125000705,3,train,2
93125000706,3,train,4
93125000707,3,test,
93125000708,3,train,1
93125000709,4,train,4
93125000710,2,train,5
93125000711,2,train,1
93125000712,2,train,4
93125000713,1,train,5
93125000714,1,test,
93125000715,1,test,
93125000716,3,train,4
93135000691,2,train,2
93135000692,3,train,2
93135000693,3,train,2
93135000694,3,train,3
93135000695,3,train,3
93135000696,3,train,1
93135000697,3,train,5
93135000698,2,train,5
93135000699,3,train,3
93135000700,3,train,4
93135000701,3,test,
93135000702,3,train,5
93135000703,3,train,2
93135000704,3,train,3
93135000705,3,train,1
93135000706,3,train,5
93135000707,3,test,
93135000708,3,train,3
93135000709,3,train,4
93135000710,2,train,4
93135000711,2,train,5
93135000712,4,train,3
93135000713,1,train,4
93135000714,1,train,2
93135000715,1,train,1
93135000716,1,train,4
93135000717,1,train,5
93145000691,3,train,1
93145000692,3,train,3
93145000693,3,train,3
93145000694,3,test,
93145000695,3,train,1
93145000696,3,train,1
93145000697,3,train,3
93145000698,3,train,5
93145000699,3,train,4
93145000700,3,train,2
93145000701,3,train,1
93145000702,3,test,
93145000703,3,train,5
93145000704,3,train,2
93145000705,3,train,4
93145000706,3,train,5
93145000707,3,train,3
93145000708,3,train,1
93145000709,3,test,
93145000710,3,train,3
93145000711,3,train,4
93145000712,4,train,4
93145000713,3,train,1
93145000714,1,train,4
93145000715,1,train,1
93145000716,1,train,5
93145000717,1,train,2
93155000690,3,train,4
93155000691,3,train,4
93155000692,3,train,3
93155000693,3,test,
93155000694,3,train,2
93155000695,3,test,
93155000696,3,train,3
93155000697,3,train,1
93155000698,3,train,2
93155000699,3,train,4
93155000700,3,train,1
93155000701,3,test,
93155000702,3,train,1
93155000703,3,train,4
93155000704,3,test,
93155000705,3,train,3
93155000706,3,train,2
93155000707,3,train,3
93155000708,3,train,5
93155000709,3,train,5
93155000710,3,test,
93155000711,3,train,5
93155000712,4,test,
93155000713,1,train,4
93155000714,1,train,3
93155000715,1,test,
93155000716,1,train,5
93155000717,1,train,4
93165000689,3,train,2
93165000690,3,train,5
93165000691,3,train,2
93165000692,3,test,
93165000693,4,test,
93165000694,3,train,3
93165000695,3,train,2
93165000696,3,train,4
93165000697,3,train,4
93165000698,3,train,4
93165000699,3,test,
93165000700,3,train,2
93165000701,3,test,
93165000702,3,test,
93165000703,3,train,5
93165000704,3,train,5
93165000705,3,test,
93165000706,3,train,5
93165000707,3,train,2
93165000708,3,train,1
93165000709,3,test,
93165000710,3,train,5
93165000711,4,train,1
93165000712,1,train,4
93165000713,1,train,1
93165000714,1,train,2
93165000715,1,test,
93165000716,1,test,
93165000717,1,train,2
93175000687,4,train,5
93175000688,4,train,3
93175000689,4,train,4
93175000690,4,train,4
93175000691,3,train,4
93175000692,3,train,2
93175000693,3,train,2
93175000694,3,train,3
93175000695,3,train,3
93175000696,3,train,2
93175000697,3,test,
93175000698,3,test,
93175000699,3,train,2
93175000700,3,test,
93175000701,4,train,4
93175000702,4,train,4
93175000703,3,train,1
93175000704,3,train,2
93175000705,3,train,3
93175000706,3,train,4
93175000707,3,train,4
93175000708,3,train,3
93175000709,1,test,
93175000710,4,train,3
93175000711,1,train,1
93175000712,1,train,3
93175000713,1,train,5
93175000714,1,train,1
93175000715,1,train,1
93175000716,1,test,
93175000717,1,train,2
93185000687,4,train,5
93185000688,4,train,1
93185000689,4,train,2
93185000690,4,train,1
93185000691,3,train,3
93185000692,3,train,5
93185000693,3,test,
93185000694,3,train,5
93185000695,3,train,3
93185000696,3,train,1
93185000697,3,test,
93185000698,3,train,4
93185000699,3,test,
93185000700,3,test,
93185000701,4,train,4
93185000702,1,train,2
93185000703,1,train,3
93185000704,1,train,3
93185000705,1,train,5
93185000706,1,train,4
93185000707,1,train,2
93185000708,4,train,3
93185000709,4,train,4
93185000710,4,train,2
93185000711,4,train,4
93185000712,1,test,
93185000713,1,train,2
93185000714,1,train,2
93185000715,1,train,4
93185000716,1,train,3
93185000717,1,train,2
93195000687,4,train,2
93195000688,4,train,3
93195000689,4,train,4
93195000691,3,test,
93195000692,3,train,1
93195000693,3,train,2
93195000697,3,train,5
93195000698,3,test,
93195000699,3,test,
93195000700,3,train,1
93195000701,3,train,1
93195000702,1,train,1
93195000703,1,train,3
93195000704,1,train,3
93195000705,1,train,2
93195000706,1,train,4
93195000707,1,train,2
93195000708,1,train,4
93195000709,4,train,1
93195000710,4,train,5
93195000711,4,test,
93195000712,4,train,2
93195000713,1,train,1
93195000714,1,test,
93195000715,1,test,
93195000716,1,train,2
93195000717,4,train,5
93205000687,4,train,2
93205000688,4,test,
93205000689,4,train,5
93205000690,3,train,2
93205000691,3,train,3
93205000692,3,train,5
93205000693,3,train,5
93205000694,3,test,
93205000697,3,test,
93205000698,3,train,2
93205000699,3,train,2
93205000700,3,test,
93205000701,1,train,5
93205000702,1,train,5
93205000703,1,train,2
93205000704,1,train,4
93205000705,1,train,3
93205000706,1,train,3
93205000708,1,test,
93205000709,1,train,4
93205000710,1,train,2
93205000711,1,train,3
93205000712,1,train,2
93205000713,1,train,2
93205000714,1,train,5
93205000715,1,train,5
93205000716,1,train,3
93205000717,1,train,5
93215000687,3,train,4
93215000688,4,train,1
93215000689,4,train,5
93215000690,4,train,3
93215000691,3,test,
93215000692,3,train,2
93215000693,3,train,5
93215000695,3,train,2
93215000697,3,train,2
93215000698,3,train,3
93215000699,3,train,1
93215000700,4,train,3
93215000701,1,train,1
93215000702,1,test,
93215000703,1,train,5
93215000704,1,train,1
93215000705,1,test,
93215000706,1,train,1
93215000707,1,train,5
93215000708,1,train,2
93215000709,1,train,5
93215000710,1,train,4
93215000711,1,train,5
93215000712,1,train,4
93215000713,1,test,
93215000714,1,train,4
93215000715,1,train,1
93215000716,1,train,1
93215000717,1,test,
93225000687,1,test,
93225000688,1,train,2
93225000689,4,train,5
93225000690,4,train,1
93225000691,4,train,5
93225000692,3,train,2
93225000693,3,train,5
93225000694,3,train,5
93225000695,3,train,2
93225000696,3,train,5
93225000697,3,train,1
93225000698,3,train,2
93225000699,3,test,
93225000700,3,train,5
93225000701,3,test,
93225000702,3,test,
93225000703,1,train,1
93225000704,1,train,1
93225000705,1,train,5
93225000706,1,test,
93225000707,1,train,3
93225000708,1,train,3
93225000709,1,train,3
93225000710,1,train,1
93225000711,1,train,4
93225000712,1,train,1
93225000713,1,test,
93225000714,1,train,5
93225000715,1,test,
93225000716,1,test,
93225000717,1,test,
93235000687,4,train,3
93235000688,4,test,
93235000689,4,train,5
93235000690,4,train,2
93235000691,4,train,1
93235000692,3,train,4
93235000693,3,train,4
93235000694,3,train,4
93235000695,3,train,3
93235000696,3,test,
93235000697,3,train,3
93235000698,3,train,4
93235000699,3,train,5
93235000701,3,train,1
93235000705,3,test,
93235000706,1,train,3
93235000707,1,train,1
93235000708,1,test,
93235000709,1,train,4
93235000710,1,test,
93235000711,1,train,3
93235000712,1,test,
93235000713,1,train,1
93235000714,1,train,4
93235000715,1,train,3
93235000716,1,train,3
93235000717,1,train,3
93245000688,4,train,4
93245000689,4,train,5
93245000690,4,test,
93245000691,4,train,4
93245000692,3,train,3
93245000693,3,train,4
93245000694,3,test,
93245000695,3,train,1
93245000698,3,test,
93245000699,3,train,3
93245000707,1,train,5
93245000708,4,train,4
93245000709,4,train,4
93245000710,4,test,
93245000711,4,train,5
93245000712,4,train,3
93245000713,4,test,
93245000714,4,test,
93245000715,1,train,5
93245000716,1,train,3
93245000717,1,train,2
93255000687,4,test,
93255000688,4,train,3
93255000689,4,train,2
93255000690,4,train,4
93255000691,4,train,2
93255000709,4,train,5
93255000710,4,test,
93255000713,4,train,5
93255000714,4,train,2
93255000715,1,train,4
93255000716,1,test,
93255000717,3,train,4
