ConfigKey,Cluster,feature,train_mean,train_scale,train_variance
M1_LagLST,global,lst_2009,37.36250105854051,1.3940011523842832,1.94323921284871
M1_LagLST,global,lst_2012,36.979162604042045,1.1757684108408073,1.3824313559311177
M1_LagLST,global,lst_2015,38.10584504549733,1.1648725352341909,1.3569280233429313
M1_LagLST,global,lst_2018,38.399125741908534,1.1173802644753832,1.2485386554390772
M1_LagLST,global,lst_2021,37.18756505156602,1.0532515986093474,1.1093389299731458
M2_LagLST_byCluster,1,lst_2009,36.74653110781685,1.3967558737898462,1.950926970966437
M2_LagLST_byCluster,1,lst_2012,36.81451063874504,1.3749612125100492,1.890518335907105
M2_LagLST_byCluster,1,lst_2015,37.776139459131734,1.3406167626914902,1.7972533044094114
M2_LagLST_byCluster,1,lst_2018,38.1081470434092,1.2186314503827513,1.4850626118619683
M2_LagLST_byCluster,1,lst_2021,37.20007466037327,1.1738040113359252,1.3778158570283088
M2_LagLST_byCluster,2,lst_2009,38.18567157121978,0.8514152830049564,0.72490798413441
M2_LagLST_byCluster,2,lst_2012,37.46850392761864,0.5738368551627174,0.32928873634303757
M2_LagLST_byCluster,2,lst_2015,38.52042764261303,0.6033510108085963,0.364032442243755
M2_LagLST_byCluster,2,lst_2018,38.88106749361413,0.5758688851181009,0.3316249728471644
M2_LagLST_byCluster,2,lst_2021,37.49687115377823,0.6832011683088549,0.4667638363785843
M2_LagLST_byCluster,3,lst_2009,37.455374751793045,1.6035956202118822,2.571518913162731
M2_LagLST_byCluster,3,lst_2012,37.08025575490447,1.3018207159328827,1.6947371764320032
M2_LagLST_byCluster,3,lst_2015,38.139531553181854,1.3439804523422056,1.80628345627796
M2_LagLST_byCluster,3,lst_2018,38.41891858290453,1.3433521439821718,1.804594982741498
M2_LagLST_byCluster,3,lst_2021,36.99714645532184,1.2991787162586188,1.687865336779393
M2_LagLST_byCluster,4,lst_2009,36.96388357262048,1.0925772025009053,1.1937249434247044
M2_LagLST_byCluster,4,lst_2012,36.53376261673477,1.0581016340985812,1.1195790680820876
M2_LagLST_byCluster,4,lst_2015,37.93596471050046,1.0493460006868236,1.101127029157431
M2_LagLST_byCluster,4,lst_2018,38.15626445699008,0.9374592504567102,0.8788298462668568
M2_LagLST_byCluster,4,lst_2021,37.1338032638601,0.7987227649172214,0.6379580551970109
M3_LagAll,global,lst_2009,37.36250105854051,1.3940011523842832,1.94323921284871
M3_LagAll,global,lst_2012,36.979162604042045,1.1757684108408073,1.3824313559311177
M3_LagAll,global,lst_2015,38.10584504549733,1.1648725352341909,1.3569280233429313
M3_LagAll,global,lst_2018,38.399125741908534,1.1173802644753832,1.2485386554390772
M3_LagAll,global,lst_2021,37.18756505156602,1.0532515986093474,1.1093389299731458
M3_LagAll,global,ndvi2009,0.2643069584666592,0.0982165311931577,0.009646486999616519
M3_LagAll,global,ndvi2012,0.2508365315554498,0.09016920877341383,0.00813048621082349
M3_LagAll,global,ndvi2015,0.3030366525982519,0.09157476961116649,0.008385938429338222
M3_LagAll,global,ndvi2018,0.3092204091559415,0.08976768155935172,0.008058236652541174
M3_LagAll,global,ndvi2021,0.32691790904900997,0.09676502069156552,0.009363469229439104
M3_LagAll,global,ndvi2024,0.3234055404720361,0.09412180864917662,0.008858914863392218
M3_LagAll,global,ndbi2009,-0.008872131175472637,0.0694167413635381,0.004818683981532341
M3_LagAll,global,ndbi2012,-0.004121364662875428,0.06555022311045565,0.004296831749830515
M3_LagAll,global,ndbi2015,-0.004431449536556019,0.06170218567490579,0.0038071597170605495
M3_LagAll,global,ndbi2018,-0.002250250310516968,0.06490096147277723,0.004212134800090915
M3_LagAll,global,ndbi2021,-0.012994828925267196,0.07511779258393411,0.005642682762682946
M3_LagAll,global,ndbi2024,-0.012764460418772302,0.07529796695046906,0.00566978382687393
M4_LagAll_byCluster,1,lst_2009,36.74653110781685,1.3967558737898462,1.950926970966437
M4_LagAll_byCluster,1,lst_2012,36.81451063874504,1.3749612125100492,1.890518335907105
M4_LagAll_byCluster,1,lst_2015,37.776139459131734,1.3406167626914902,1.7972533044094114
M4_LagAll_byCluster,1,lst_2018,38.1081470434092,1.2186314503827513,1.4850626118619683
M4_LagAll_byCluster,1,lst_2021,37.20007466037327,1.1738040113359252,1.3778158570283088
M4_LagAll_byCluster,1,ndvi2009,0.22610502922724623,0.08774000319820506,0.007698308161221033
M4_LagAll_byCluster,1,ndvi2012,0.20680153716263755,0.08148371691653532,0.006639596122534065
M4_LagAll_byCluster,1,ndvi2015,0.25948356871766076,0.08040224463589445,0.0064645209424902175
M4_LagAll_byCluster,1,ndvi2018,0.2642456541992389,0.07637572797571524,0.005833251823820451
M4_LagAll_byCluster,1,ndvi2021,0.2903677755872579,0.09146748476401613,0.008366300769055523
M4_LagAll_byCluster,1,ndvi2024,0.28592342650321145,0.09110390624398675,0.008299921732913128
M4_LagAll_byCluster,1,ndbi2009,-0.014717417766933789,0.07891215650174717,0.0062271284437562385
M4_LagAll_byCluster,1,ndbi2012,-0.00824821234851286,0.07340461028458799,0.00538823681103224
M4_LagAll_byCluster,1,ndbi2015,-0.0034491360850075537,0.06833497812651645,0.0046696692355514815
M4_LagAll_byCluster,1,ndbi2018,-0.0016774120899479526,0.07001326136138666,0.0049018567664578395
M4_LagAll_byCluster,1,ndbi2021,-0.014777268860853583,0.08553266971065301,0.007315837587831659
M4_LagAll_byCluster,1,ndbi2024,-0.017566242079117136,0.08694995864301525,0.007560295308022062
M4_LagAll_byCluster,2,lst_2009,38.18567157121978,0.8514152830049564,0.72490798413441
M4_LagAll_byCluster,2,lst_2012,37.46850392761864,0.5738368551627174,0.32928873634303757
M4_LagAll_byCluster,2,lst_2015,38.52042764261303,0.6033510108085963,0.364032442243755
M4_LagAll_byCluster,2,lst_2018,38.88106749361413,0.5758688851181009,0.3316249728471644
M4_LagAll_byCluster,2,lst_2021,37.49687115377823,0.6832011683088549,0.4667638363785843
M4_LagAll_byCluster,2,ndvi2009,0.2827180543360817,0.0609249891816879,0.003711854306788787
M4_LagAll_byCluster,2,ndvi2012,0.27119872906076176,0.056832996157099386,0.003229989452192874
M4_LagAll_byCluster,2,ndvi2015,0.3282420220426194,0.05743760311510642,0.003299078251608483
M4_LagAll_byCluster,2,ndvi2018,0.3362783599001002,0.060230121734053094,0.003627667564098855
M4_LagAll_byCluster,2,ndvi2021,0.3521117230327654,0.06624236727815933,0.004388051222614554
M4_LagAll_byCluster,2,ndvi2024,0.3507984324655346,0.06325259634297285,0.004000890944127063
M4_LagAll_byCluster,2,ndbi2009,0.0033139053433851365,0.04485816274219117,0.0020122547646049082
M4_LagAll_byCluster,2,ndbi2012,0.004572135515547584,0.04459801724969802,0.0019889831426043625
M4_LagAll_byCluster,2,ndbi2015,-0.0007608046604650945,0.04361561331739385,0.001902321725052424
M4_LagAll_byCluster,2,ndbi2018,0.0017116472010508098,0.04743926286829683,0.0022504836614873664
M4_LagAll_byCluster,2,ndbi2021,-0.007668111673913873,0.05327941591852488,0.002838696160619162
M4_LagAll_byCluster,2,ndbi2024,-0.008347738222697711,0.05288995325584771,0.0027973471554057555
M4_LagAll_byCluster,3,lst_2009,37.455374751793045,1.6035956202118822,2.571518913162731
M4_LagAll_byCluster,3,lst_2012,37.08025575490447,1.3018207159328827,1.6947371764320032
M4_LagAll_byCluster,3,lst_2015,38.139531553181854,1.3439804523422056,1.80628345627796
M4_LagAll_byCluster,3,lst_2018,38.41891858290453,1.3433521439821718,1.804594982741498
M4_LagAll_byCluster,3,lst_2021,36.99714645532184,1.2991787162586188,1.687865336779393
M4_LagAll_byCluster,3,ndvi2009,0.23421308314688288,0.09663715666978831,0.009338740049221212
M4_LagAll_byCluster,3,ndvi2012,0.22973626351950713,0.08516154917124366,0.0072524894572461515
M4_LagAll_byCluster,3,ndvi2015,0.2810926283181551,0.0949018601046524,0.009006363051323015
M4_LagAll_byCluster,3,ndvi2018,0.28990323628293807,0.09458712620666565,0.008946724444035695
M4_LagAll_byCluster,3,ndvi2021,0.31043972883523957,0.11057418275087844,0.012226649891024661
M4_LagAll_byCluster,3,ndvi2024,0.3088790030803775,0.10503572081948072,0.011032502648067894
M4_LagAll_byCluster,3,ndbi2009,0.005156773645352869,0.06688625814204223,0.004473771528243911
M4_LagAll_byCluster,3,ndbi2012,0.007722733106722573,0.06365310409659708,0.0040517176611322234
M4_LagAll_byCluster,3,ndbi2015,0.008368059264655095,0.06295145451986432,0.003962885626166547
M4_LagAll_byCluster,3,ndbi2018,0.007830547006823976,0.06689281580264689,0.004474648806006846
M4_LagAll_byCluster,3,ndbi2021,-0.005674492379462254,0.08004449031782998,0.006407120430241178
M4_LagAll_byCluster,3,ndbi2024,-0.006318959292973499,0.0801570611541555,0.006425154452871023
M4_LagAll_byCluster,4,lst_2009,36.96388357262048,1.0925772025009053,1.1937249434247044
M4_LagAll_byCluster,4,lst_2012,36.53376261673477,1.0581016340985812,1.1195790680820876
M4_LagAll_byCluster,4,lst_2015,37.93596471050046,1.0493460006868236,1.101127029157431
M4_LagAll_byCluster,4,lst_2018,38.15626445699008,0.9374592504567102,0.8788298462668568
M4_LagAll_byCluster,4,lst_2021,37.1338032638601,0.7987227649172214,0.6379580551970109
M4_LagAll_byCluster,4,ndvi2009,0.31365974118499107,0.10914162174625006,0.011911893597401524
M4_LagAll_byCluster,4,ndvi2012,0.29165095197197805,0.10360029052040591,0.010733020195912508
M4_LagAll_byCluster,4,ndvi2015,0.3401425812512894,0.09847953929451975,0.009698219659660858
M4_LagAll_byCluster,4,ndvi2018,0.3424569878645781,0.09431447630801239,0.008895220441254629
M4_LagAll_byCluster,4,ndvi2021,0.3519891923350086,0.09235299973284854,0.008529076559655522
M4_LagAll_byCluster,4,ndvi2024,0.344762460428641,0.0923829709978339,0.008534613330386617
M4_LagAll_byCluster,4,ndbi2009,-0.032929481909323086,0.07582576361061741,0.00574954642713323
M4_LagAll_byCluster,4,ndbi2012,-0.023593387441978857,0.07237982432096486,0.005238838968733737
M4_LagAll_byCluster,4,ndbi2015,-0.02437463762567708,0.0638688342505438,0.004079227988523435
M4_LagAll_byCluster,4,ndbi2018,-0.01877765253550283,0.06879969639022501,0.004733398223387141
M4_LagAll_byCluster,4,ndbi2021,-0.025565240491044326,0.07567682197642996,0.005726981384452271
M4_LagAll_byCluster,4,ndbi2024,-0.021154102713462894,0.07589223576301754,0.005759631449109438
