year,variable,n,mean,std,raw_mean,mean_adjustment,rms_adjustment
2009,NDVI,629,0.2635515539821538,0.09917733733131853,0.24811901034885683,0.015432543633296963,0.015447233559833372
2009,NDBI,629,-0.009642609923632429,0.07016480702500053,-0.011562779315564346,0.0019201693919319173,0.002811673541359775
2012,NDVI,629,0.25015885314578873,0.09122839178245616,0.2348336476289244,0.015325205516864303,0.01533879957763477
2012,NDBI,629,-0.004817537686520797,0.06606768587469468,-0.0068562302729592295,0.002038692586438433,0.0027036739148486736
2015,NDVI,629,0.30182181455179463,0.09248297200834366,0.30182181455179463,0.0,0.0
2015,NDBI,629,-0.004594848626916987,0.06249372034459719,-0.004594848626916987,0.0,0.0
2018,NDVI,629,0.3080695035664057,0.0913438622818028,0.3080695035664057,0.0,0.0
2018,NDBI,629,-0.002529461385145023,0.06591737940706041,-0.002529461385145023,0.0,0.0
2021,NDVI,629,0.32503410410057815,0.09760899301969651,0.32503410410057815,0.0,0.0
2021,NDBI,629,-0.012978077412621362,0.07601418739363164,-0.012978077412621362,0.0,0.0
2024,NDVI,629,0.3215757734159284,0.09551601286626606,0.3215757734159284,0.0,0.0
2024,NDBI,629,-0.012830255830256354,0.07646970574021554,-0.012830255830256354,0.0,0.0
